Invoice,StockCode,Description,Quantity,InvoiceDate,Price,CustomerID,TotalPrice,Country_Germany,Country_Netherlands,Country_Spain,Country_United Kingdom
25795,C300,Paper Clip,13,2023-01-01 00:00:00,177.11,9096,2302.4300000000003,False,True,False,False
10860,E500,Stapler,6,2023-01-01 01:00:00,77.27,5272,463.62,False,False,False,False
86820,E500,Notebook,17,2023-01-01 02:00:00,99.21,4767,1686.57,False,False,False,False
64886,E500,Stapler,14,2023-01-01 03:00:00,57.38,9834,803.32,False,True,False,False
16265,C300,Eraser,17,2023-01-01 04:00:00,157.57,6994,2678.69,False,False,True,False
92386,C300,Highlighter,8,2023-01-01 05:00:00,80.09,8216,640.72,False,True,False,False
47194,B200,Notebook,11,2023-01-01 06:00:00,103.21,9857,1135.31,False,False,False,False
97498,D400,Ballpoint Pen,1,2023-01-01 07:00:00,51.42,4426,51.42,False,False,True,False
54131,A100,Stapler,7,2023-01-01 08:00:00,197.54,4783,1382.78,False,False,False,True
70263,E500,Eraser,17,2023-01-01 09:00:00,59.01,6427,1003.17,False,True,False,False
26023,B200,Stapler,10,2023-01-01 10:00:00,154.38,8011,1543.8,False,True,False,False
51090,A100,Notebook,11,2023-01-01 11:00:00,86.07,9052,946.77,False,False,True,False
77221,B200,Ruler,9,2023-01-01 12:00:00,42.04,4701,378.36,False,False,False,True
74820,C300,Binder,9,2023-01-01 13:00:00,160.14,3349,1441.2599999999998,False,False,False,True
10769,E500,Stapler,5,2023-01-01 14:00:00,67.39,8011,336.95,False,False,True,False
69735,A100,Ballpoint Pen,17,2023-01-01 15:00:00,173.17,8055,2943.89,True,False,False,False
72955,A100,Ballpoint Pen,9,2023-01-01 16:00:00,183.14,2212,1648.2599999999998,False,True,False,False
74925,A100,Pencil,17,2023-01-01 17:00:00,172.1,7965,2925.7,False,True,False,False
77969,A100,Stapler,19,2023-01-01 18:00:00,7.97,7704,151.43,False,False,False,False
15311,A100,Binder,7,2023-01-01 19:00:00,157.69,8433,1103.83,False,False,True,False
93104,B200,Paper Clip,9,2023-01-01 20:00:00,82.86,3511,745.74,False,False,False,False
63707,E500,Marker,7,2023-01-01 21:00:00,174.87,1143,1224.0900000000001,False,False,False,False
95305,C300,Binder,13,2023-01-01 22:00:00,127.95,8367,1663.3500000000001,False,False,False,True
38693,C300,Marker,11,2023-01-01 23:00:00,166.89,4228,1835.79,False,True,False,False
81932,C300,Marker,14,2023-01-02 00:00:00,100.39,5582,1405.46,False,False,False,False
35658,C300,Ruler,19,2023-01-02 01:00:00,107.47,7031,2041.93,False,False,False,True
94478,B200,Pencil,11,2023-01-02 02:00:00,29.73,5243,327.03000000000003,False,False,True,False
28431,D400,Binder,13,2023-01-02 03:00:00,157.01,3713,2041.1299999999999,False,False,False,False
12747,E500,Binder,14,2023-01-02 04:00:00,84.46,5185,1182.4399999999998,False,True,False,False
69150,A100,Ruler,13,2023-01-02 05:00:00,100.52,8328,1306.76,False,False,False,False
75725,D400,Stapler,1,2023-01-02 06:00:00,157.23,5633,157.23,False,False,True,False
94654,C300,Stapler,8,2023-01-02 07:00:00,120.17,4192,961.36,False,False,False,False
45773,D400,Stapler,12,2023-01-02 08:00:00,41.02,1300,492.24,False,True,False,False
77435,E500,Highlighter,19,2023-01-02 09:00:00,118.46,1723,2250.74,False,False,False,True
66886,A100,Marker,12,2023-01-02 10:00:00,82.12,6694,985.44,False,True,False,False
76803,A100,Highlighter,8,2023-01-02 11:00:00,94.44,4010,755.52,False,False,False,True
41551,E500,Pencil,8,2023-01-02 12:00:00,6.63,6555,53.04,True,False,False,False
21394,E500,Ruler,13,2023-01-02 13:00:00,42.8,1067,556.4,False,True,False,False
79092,C300,Binder,12,2023-01-02 14:00:00,56.93,3506,683.16,False,True,False,False
13890,A100,Marker,16,2023-01-02 15:00:00,142.88,2537,2286.08,False,False,True,False
51606,D400,Highlighter,1,2023-01-02 16:00:00,3.29,1397,3.29,False,False,False,False
90038,B200,Highlighter,13,2023-01-02 17:00:00,82.35,6680,1070.55,False,False,False,True
97313,B200,Eraser,7,2023-01-02 18:00:00,184.88,5825,1294.1599999999999,False,False,False,True
20627,E500,Highlighter,5,2023-01-02 19:00:00,23.26,9747,116.30000000000001,False,False,True,False
18792,C300,Paper Clip,8,2023-01-02 20:00:00,103.77,7048,830.16,False,False,True,False
83969,B200,Binder,14,2023-01-02 21:00:00,157.52,4661,2205.28,False,False,False,False
53001,A100,Paper Clip,13,2023-01-02 22:00:00,188.56,3941,2451.28,False,False,False,False
86552,E500,Binder,15,2023-01-02 23:00:00,149.61,8067,2244.15,False,True,False,False
33897,D400,Ruler,17,2023-01-03 00:00:00,144.39,6091,2454.6299999999997,True,False,False,False
78148,E500,Binder,15,2023-01-03 01:00:00,165.47,2601,2482.05,False,False,False,False
33483,D400,Paper Clip,18,2023-01-03 02:00:00,89.79,2480,1616.22,False,False,True,False
58555,E500,Binder,18,2023-01-03 03:00:00,161.36,7230,2904.4800000000005,False,False,False,False
27159,E500,Ruler,2,2023-01-03 04:00:00,2.58,4276,5.16,False,False,False,True
90077,E500,Ruler,4,2023-01-03 05:00:00,184.99,7447,739.96,True,False,False,False
45920,D400,Pencil,1,2023-01-03 06:00:00,89.22,6499,89.22,False,True,False,False
77121,D400,Binder,4,2023-01-03 07:00:00,111.12,7273,444.48,False,False,False,True
79479,E500,Eraser,18,2023-01-03 08:00:00,51.72,2299,930.96,False,False,False,True
99475,B200,Stapler,5,2023-01-03 09:00:00,148.76,6818,743.8,True,False,False,False
29457,C300,Ballpoint Pen,19,2023-01-03 10:00:00,16.25,7701,308.75,False,True,False,False
76557,C300,Ruler,15,2023-01-03 11:00:00,174.65,5994,2619.75,False,False,True,False
87189,C300,Notebook,8,2023-01-03 12:00:00,165.8,8489,1326.4,False,True,False,False
88953,D400,Stapler,17,2023-01-03 13:00:00,44.0,9269,748.0,False,False,False,False
62995,D400,Marker,1,2023-01-03 14:00:00,162.06,3831,162.06,False,False,False,True
50757,B200,Binder,12,2023-01-03 15:00:00,157.49,3721,1889.88,False,False,False,False
19692,C300,Paper Clip,19,2023-01-03 16:00:00,126.81,2532,2409.39,False,False,True,False
55758,C300,Ballpoint Pen,15,2023-01-03 17:00:00,75.33,9429,1129.95,False,False,False,False
82409,E500,Notebook,9,2023-01-03 18:00:00,55.03,6253,495.27,False,True,False,False
81211,D400,Stapler,7,2023-01-03 19:00:00,47.12,2996,329.84,False,False,False,False
75697,C300,Binder,2,2023-01-03 20:00:00,64.4,6311,128.8,False,False,True,False
47065,B200,Pencil,9,2023-01-03 21:00:00,180.81,1277,1627.29,False,False,True,False
42606,B200,Marker,10,2023-01-03 22:00:00,16.45,4089,164.5,False,False,True,False
21534,C300,Ballpoint Pen,2,2023-01-03 23:00:00,165.95,1523,331.9,False,True,False,False
50397,D400,Eraser,19,2023-01-04 00:00:00,70.43,5275,1338.17,False,False,True,False
11016,B200,Pencil,11,2023-01-04 01:00:00,104.8,6365,1152.8,False,False,False,True
99789,E500,Notebook,13,2023-01-04 02:00:00,159.1,4122,2068.2999999999997,False,False,True,False
65591,B200,Ballpoint Pen,10,2023-01-04 03:00:00,176.99,9167,1769.9,False,False,False,False
99812,A100,Pencil,14,2023-01-04 04:00:00,69.61,6190,974.54,False,False,False,False
33247,A100,Marker,18,2023-01-04 05:00:00,92.91,5575,1672.3799999999999,False,False,False,False
34300,D400,Eraser,19,2023-01-04 06:00:00,83.49,8727,1586.31,False,True,False,False
84065,C300,Pencil,9,2023-01-04 07:00:00,3.64,2797,32.76,False,False,False,False
92798,D400,Highlighter,7,2023-01-04 08:00:00,59.89,3131,419.23,False,True,False,False
19268,D400,Eraser,3,2023-01-04 09:00:00,92.38,8322,277.14,False,True,False,False
96807,D400,Notebook,6,2023-01-04 10:00:00,82.81,7500,496.86,False,False,True,False
22185,D400,Marker,2,2023-01-04 11:00:00,144.66,1815,289.32,False,False,False,True
73704,E500,Binder,6,2023-01-04 12:00:00,77.58,9634,465.48,False,False,True,False
96779,E500,Paper Clip,3,2023-01-04 13:00:00,98.39,7666,295.17,False,False,True,False
49099,B200,Paper Clip,16,2023-01-04 14:00:00,86.49,1142,1383.84,False,True,False,False
18571,A100,Paper Clip,8,2023-01-04 15:00:00,148.38,2410,1187.04,False,True,False,False
48044,D400,Ballpoint Pen,2,2023-01-04 16:00:00,172.73,1534,345.46,False,False,False,False
61214,B200,Notebook,17,2023-01-04 17:00:00,106.85,4364,1816.4499999999998,False,False,False,False
71228,A100,Marker,9,2023-01-04 18:00:00,158.1,2032,1422.8999999999999,False,False,True,False
58984,C300,Eraser,12,2023-01-04 19:00:00,60.06,4342,720.72,True,False,False,False
50774,E500,Ballpoint Pen,3,2023-01-04 20:00:00,108.73,7085,326.19,True,False,False,False
12568,A100,Notebook,11,2023-01-04 21:00:00,69.7,5500,766.7,False,False,False,False
72592,C300,Binder,1,2023-01-04 22:00:00,83.43,2172,83.43,True,False,False,False
77563,A100,Highlighter,13,2023-01-04 23:00:00,146.75,5517,1907.75,False,False,False,False
12695,E500,Marker,15,2023-01-05 00:00:00,176.45,9007,2646.75,False,True,False,False
58190,E500,Paper Clip,5,2023-01-05 01:00:00,25.18,2641,125.9,False,False,True,False
15258,B200,Pencil,17,2023-01-05 02:00:00,127.29,1471,2163.9300000000003,False,False,False,True
97538,D400,Marker,6,2023-01-05 03:00:00,116.85,3940,701.0999999999999,False,False,True,False
49504,A100,Ruler,11,2023-01-05 04:00:00,24.56,9738,270.15999999999997,False,False,False,False
43159,A100,Notebook,18,2023-01-05 05:00:00,43.17,5726,777.0600000000001,False,False,False,False
23986,C300,Stapler,4,2023-01-05 06:00:00,62.89,8670,251.56,False,False,True,False
71858,E500,Binder,3,2023-01-05 07:00:00,34.22,4723,102.66,False,False,False,False
22666,A100,Highlighter,13,2023-01-05 08:00:00,49.5,1363,643.5,True,False,False,False
48660,E500,Binder,9,2023-01-05 09:00:00,54.25,4309,488.25,True,False,False,False
13561,A100,Marker,6,2023-01-05 10:00:00,67.8,1545,406.79999999999995,False,False,False,False
36854,B200,Stapler,12,2023-01-05 11:00:00,150.13,4240,1801.56,False,False,False,False
74505,D400,Ruler,2,2023-01-05 12:00:00,114.81,7665,229.62,True,False,False,False
62251,A100,Eraser,3,2023-01-05 13:00:00,197.26,2936,591.78,False,False,False,False
32662,E500,Pencil,3,2023-01-05 14:00:00,83.53,1882,250.59,False,False,False,False
18392,B200,Stapler,12,2023-01-05 15:00:00,151.02,4840,1812.2400000000002,False,False,True,False
40535,A100,Notebook,15,2023-01-05 16:00:00,174.42,7923,2616.2999999999997,False,False,False,True
88603,C300,Paper Clip,9,2023-01-05 17:00:00,136.12,5611,1225.08,True,False,False,False
62256,D400,Ruler,8,2023-01-05 18:00:00,82.96,6204,663.68,False,False,True,False
99135,A100,Pencil,11,2023-01-05 19:00:00,150.97,8288,1660.67,False,False,False,True
45222,B200,Highlighter,16,2023-01-05 20:00:00,41.53,4203,664.48,False,False,False,False
87373,C300,Paper Clip,4,2023-01-05 21:00:00,66.18,3244,264.72,False,False,False,False
89575,B200,Marker,1,2023-01-05 22:00:00,109.79,1018,109.79,False,False,True,False
94651,B200,Stapler,7,2023-01-05 23:00:00,115.51,1641,808.57,False,False,False,False
73335,C300,Pencil,2,2023-01-06 00:00:00,5.41,4083,10.82,False,True,False,False
20965,B200,Ballpoint Pen,5,2023-01-06 01:00:00,189.08,6200,945.4000000000001,False,False,True,False
34538,C300,Eraser,7,2023-01-06 02:00:00,139.63,9521,977.41,False,False,False,True
80592,A100,Eraser,4,2023-01-06 03:00:00,99.65,1865,398.6,False,False,True,False
18110,C300,Ruler,5,2023-01-06 04:00:00,186.69,1773,933.45,True,False,False,False
89309,C300,Highlighter,1,2023-01-06 05:00:00,88.38,5732,88.38,False,False,True,False
37266,D400,Ruler,1,2023-01-06 06:00:00,196.11,4518,196.11,False,False,False,False
62992,C300,Ballpoint Pen,15,2023-01-06 07:00:00,102.94,7795,1544.1,False,False,False,False
92948,C300,Notebook,19,2023-01-06 08:00:00,23.74,7984,451.05999999999995,False,True,False,False
16910,A100,Highlighter,10,2023-01-06 09:00:00,153.2,3567,1532.0,False,True,False,False
10206,D400,Binder,18,2023-01-06 10:00:00,136.1,2674,2449.7999999999997,False,True,False,False
97054,E500,Notebook,3,2023-01-06 11:00:00,154.82,1739,464.46,False,False,False,True
97897,A100,Highlighter,11,2023-01-06 12:00:00,190.34,2545,2093.7400000000002,False,True,False,False
33419,A100,Highlighter,15,2023-01-06 13:00:00,155.52,6127,2332.8,False,False,False,True
60636,E500,Ballpoint Pen,11,2023-01-06 14:00:00,122.66,7947,1349.26,False,True,False,False
60015,C300,Marker,17,2023-01-06 15:00:00,171.6,7620,2917.2,False,False,False,True
64268,B200,Ballpoint Pen,17,2023-01-06 16:00:00,134.98,5555,2294.66,False,False,True,False
97939,D400,Highlighter,6,2023-01-06 17:00:00,82.22,6645,493.32,False,False,True,False
28141,B200,Pencil,5,2023-01-06 18:00:00,177.24,9943,886.2,False,False,False,False
90356,E500,Notebook,8,2023-01-06 19:00:00,45.16,8124,361.28,False,False,False,True
81910,A100,Ballpoint Pen,2,2023-01-06 20:00:00,143.21,4732,286.42,True,False,False,False
66044,A100,Marker,16,2023-01-06 21:00:00,176.43,3283,2822.88,False,False,False,False
77214,D400,Stapler,12,2023-01-06 22:00:00,146.53,9669,1758.3600000000001,False,False,True,False
43827,A100,Ruler,6,2023-01-06 23:00:00,139.76,7998,838.56,False,False,False,True
65820,A100,Highlighter,1,2023-01-07 00:00:00,150.78,6413,150.78,False,True,False,False
72623,D400,Binder,4,2023-01-07 01:00:00,93.55,2269,374.2,True,False,False,False
91734,D400,Stapler,17,2023-01-07 02:00:00,174.96,8868,2974.32,False,False,True,False
85450,E500,Eraser,13,2023-01-07 03:00:00,41.48,3603,539.24,False,False,False,False
32299,A100,Paper Clip,18,2023-01-07 04:00:00,26.35,6961,474.3,False,False,False,True
53585,A100,Marker,5,2023-01-07 05:00:00,57.82,9569,289.1,True,False,False,False
74044,E500,Binder,3,2023-01-07 06:00:00,106.78,8557,320.34000000000003,False,False,False,True
52557,C300,Paper Clip,11,2023-01-07 07:00:00,102.6,2680,1128.6,False,True,False,False
59080,C300,Marker,13,2023-01-07 08:00:00,164.3,9433,2135.9,False,False,False,False
12693,C300,Pencil,4,2023-01-07 09:00:00,81.51,6682,326.04,False,False,False,True
79163,E500,Ruler,14,2023-01-07 10:00:00,97.38,9084,1363.32,False,False,True,False
35939,A100,Stapler,11,2023-01-07 11:00:00,3.66,6367,40.260000000000005,False,False,False,False
58925,E500,Notebook,10,2023-01-07 12:00:00,82.54,1069,825.4000000000001,False,False,True,False
52941,E500,Marker,19,2023-01-07 13:00:00,129.91,4924,2468.29,False,False,False,True
31834,C300,Notebook,18,2023-01-07 14:00:00,4.09,7200,73.62,False,False,False,False
28047,B200,Ruler,6,2023-01-07 15:00:00,56.9,3007,341.4,False,False,True,False
36105,A100,Highlighter,15,2023-01-07 16:00:00,42.38,9992,635.7,False,True,False,False
85766,C300,Eraser,10,2023-01-07 17:00:00,9.36,9119,93.6,False,True,False,False
25707,B200,Stapler,5,2023-01-07 18:00:00,96.37,3779,481.85,False,False,False,True
31976,B200,Ruler,5,2023-01-07 19:00:00,37.16,5920,185.79999999999998,False,False,False,False
54262,D400,Ruler,10,2023-01-07 20:00:00,148.87,1755,1488.7,True,False,False,False
33776,A100,Pencil,5,2023-01-07 21:00:00,169.74,7495,848.7,False,False,False,False
40080,B200,Paper Clip,3,2023-01-07 22:00:00,109.57,6935,328.71,False,True,False,False
76842,C300,Eraser,6,2023-01-07 23:00:00,196.36,3330,1178.16,False,False,True,False
71373,D400,Stapler,4,2023-01-08 00:00:00,90.65,6705,362.6,True,False,False,False
16776,A100,Highlighter,18,2023-01-08 01:00:00,103.16,9301,1856.8799999999999,False,False,False,True
65016,E500,Highlighter,9,2023-01-08 02:00:00,197.85,2016,1780.6499999999999,True,False,False,False
19474,C300,Ballpoint Pen,17,2023-01-08 03:00:00,47.08,8347,800.36,False,False,False,True
68053,B200,Ruler,13,2023-01-08 04:00:00,188.57,9216,2451.41,True,False,False,False
31959,B200,Marker,15,2023-01-08 05:00:00,9.52,5938,142.79999999999998,False,False,False,True
15530,C300,Pencil,17,2023-01-08 06:00:00,89.83,3838,1527.11,False,False,False,True
13748,B200,Eraser,13,2023-01-08 07:00:00,14.93,1737,194.09,True,False,False,False
23545,D400,Highlighter,16,2023-01-08 08:00:00,146.12,7200,2337.92,True,False,False,False
76199,A100,Stapler,4,2023-01-08 09:00:00,122.07,9371,488.28,False,False,False,True
44766,D400,Ballpoint Pen,5,2023-01-08 10:00:00,141.62,1231,708.1,False,True,False,False
83530,B200,Stapler,5,2023-01-08 11:00:00,75.52,2917,377.59999999999997,True,False,False,False
71087,E500,Pencil,9,2023-01-08 12:00:00,74.53,9534,670.77,False,False,False,False
78840,A100,Marker,17,2023-01-08 13:00:00,10.02,6918,170.34,False,False,True,False
64384,A100,Ballpoint Pen,13,2023-01-08 14:00:00,70.64,3623,918.32,False,False,False,True
61005,C300,Ballpoint Pen,2,2023-01-08 15:00:00,185.93,9646,371.86,False,False,False,True
56576,C300,Paper Clip,13,2023-01-08 16:00:00,76.47,7401,994.11,False,False,True,False
49353,E500,Eraser,19,2023-01-08 17:00:00,166.44,8072,3162.36,False,True,False,False
72003,A100,Ballpoint Pen,3,2023-01-08 18:00:00,168.62,3276,505.86,False,False,True,False
93211,E500,Paper Clip,10,2023-01-08 19:00:00,75.27,8393,752.6999999999999,True,False,False,False
62733,C300,Paper Clip,2,2023-01-08 20:00:00,126.77,9787,253.54,False,False,True,False
75318,C300,Pencil,13,2023-01-08 21:00:00,19.98,4874,259.74,False,False,False,True
99474,A100,Notebook,19,2023-01-08 22:00:00,21.63,5530,410.96999999999997,False,False,True,False
33664,D400,Stapler,17,2023-01-08 23:00:00,10.68,8164,181.56,False,False,False,False
77172,B200,Marker,14,2023-01-09 00:00:00,116.62,5497,1632.68,True,False,False,False
95616,C300,Binder,12,2023-01-09 01:00:00,85.79,8933,1029.48,False,False,True,False
36736,C300,Stapler,12,2023-01-09 02:00:00,110.06,3135,1320.72,False,False,False,True
10854,D400,Ballpoint Pen,11,2023-01-09 03:00:00,104.69,7727,1151.59,True,False,False,False
48623,D400,Marker,7,2023-01-09 04:00:00,70.69,2565,494.83,False,False,False,True
17392,E500,Highlighter,4,2023-01-09 05:00:00,135.82,1308,543.28,False,True,False,False
65680,E500,Notebook,19,2023-01-09 06:00:00,151.94,9534,2886.86,False,False,False,False
56717,B200,Highlighter,1,2023-01-09 07:00:00,3.91,9627,3.91,False,True,False,False
97092,B200,Highlighter,3,2023-01-09 08:00:00,42.24,9368,126.72,False,False,False,False
60859,A100,Eraser,13,2023-01-09 09:00:00,142.93,1138,1858.0900000000001,False,False,True,False
36309,E500,Stapler,15,2023-01-09 10:00:00,77.94,1193,1169.1,True,False,False,False
97455,C300,Binder,2,2023-01-09 11:00:00,132.83,4257,265.66,False,False,True,False
73734,E500,Pencil,11,2023-01-09 12:00:00,70.05,4235,770.55,False,False,False,False
80467,C300,Binder,4,2023-01-09 13:00:00,78.76,1942,315.04,False,False,False,False
62662,D400,Highlighter,19,2023-01-09 14:00:00,32.58,5620,619.02,False,False,False,False
22688,E500,Ballpoint Pen,17,2023-01-09 15:00:00,52.39,6720,890.63,False,False,False,True
35342,D400,Notebook,3,2023-01-09 16:00:00,121.48,7353,364.44,True,False,False,False
47157,B200,Ruler,18,2023-01-09 17:00:00,87.2,5957,1569.6000000000001,False,False,True,False
77863,B200,Binder,8,2023-01-09 18:00:00,155.09,4381,1240.72,False,False,True,False
62083,A100,Highlighter,19,2023-01-09 19:00:00,170.66,6839,3242.54,False,True,False,False
75733,E500,Notebook,5,2023-01-09 20:00:00,108.79,3880,543.95,False,False,False,False
99045,D400,Marker,7,2023-01-09 21:00:00,151.9,5887,1063.3,False,False,False,False
44698,C300,Stapler,8,2023-01-09 22:00:00,62.07,1545,496.56,False,False,False,False
90623,B200,Paper Clip,5,2023-01-09 23:00:00,83.58,2927,417.9,False,False,True,False
32671,B200,Eraser,17,2023-01-10 00:00:00,142.84,5152,2428.28,False,True,False,False
35184,C300,Notebook,5,2023-01-10 01:00:00,77.86,1004,389.3,False,False,False,True
52107,D400,Ballpoint Pen,4,2023-01-10 02:00:00,118.11,6533,472.44,True,False,False,False
96202,D400,Ballpoint Pen,19,2023-01-10 03:00:00,37.89,6378,719.91,False,False,False,True
61663,E500,Notebook,2,2023-01-10 04:00:00,120.35,7233,240.7,False,False,True,False
25708,E500,Ballpoint Pen,11,2023-01-10 05:00:00,172.44,3663,1896.84,False,False,False,False
59811,A100,Stapler,13,2023-01-10 06:00:00,173.86,4326,2260.1800000000003,True,False,False,False
12811,B200,Ballpoint Pen,15,2023-01-10 07:00:00,145.14,4659,2177.1,False,False,True,False
66250,E500,Binder,12,2023-01-10 08:00:00,149.4,2131,1792.8000000000002,False,False,True,False
82082,D400,Paper Clip,11,2023-01-10 09:00:00,112.03,5763,1232.33,False,False,True,False
44754,C300,Ballpoint Pen,7,2023-01-10 10:00:00,117.35,7737,821.4499999999999,True,False,False,False
21411,D400,Paper Clip,5,2023-01-10 11:00:00,27.6,6092,138.0,True,False,False,False
12911,B200,Highlighter,17,2023-01-10 12:00:00,89.33,7022,1518.61,False,True,False,False
77270,D400,Pencil,9,2023-01-10 13:00:00,90.7,4159,816.3000000000001,False,True,False,False
93763,A100,Stapler,14,2023-01-10 14:00:00,191.74,7159,2684.36,False,False,False,True
18680,B200,Pencil,12,2023-01-10 15:00:00,86.79,8318,1041.48,True,False,False,False
94896,C300,Highlighter,6,2023-01-10 16:00:00,110.32,9445,661.92,True,False,False,False
93879,A100,Stapler,17,2023-01-10 17:00:00,107.12,6307,1821.04,True,False,False,False
81295,B200,Notebook,19,2023-01-10 18:00:00,127.72,9520,2426.68,False,True,False,False
98614,C300,Notebook,19,2023-01-10 19:00:00,149.9,4044,2848.1,False,False,True,False
21111,A100,Paper Clip,16,2023-01-10 20:00:00,45.78,6636,732.48,False,False,False,False
47504,A100,Highlighter,12,2023-01-10 21:00:00,106.22,3892,1274.6399999999999,False,True,False,False
11802,B200,Paper Clip,12,2023-01-10 22:00:00,165.36,6288,1984.3200000000002,True,False,False,False
18155,E500,Eraser,6,2023-01-10 23:00:00,93.16,6812,558.96,False,True,False,False
83656,A100,Ballpoint Pen,4,2023-01-11 00:00:00,56.41,1654,225.64,False,False,False,True
49384,A100,Ruler,6,2023-01-11 01:00:00,131.29,6481,787.74,True,False,False,False
57254,C300,Eraser,11,2023-01-11 02:00:00,164.93,1759,1814.23,False,False,False,True
31918,D400,Ballpoint Pen,1,2023-01-11 03:00:00,13.56,7782,13.56,True,False,False,False
95981,B200,Stapler,15,2023-01-11 04:00:00,155.58,2798,2333.7000000000003,False,True,False,False
70713,B200,Paper Clip,11,2023-01-11 05:00:00,164.51,6159,1809.61,False,False,True,False
40306,E500,Stapler,19,2023-01-11 06:00:00,92.84,9446,1763.96,False,False,False,False
26646,E500,Stapler,18,2023-01-11 07:00:00,196.68,6262,3540.2400000000002,False,False,False,True
56843,B200,Ballpoint Pen,17,2023-01-11 08:00:00,157.55,4823,2678.3500000000004,False,True,False,False
26371,E500,Highlighter,19,2023-01-11 09:00:00,154.96,2876,2944.2400000000002,False,False,True,False
87371,C300,Ballpoint Pen,14,2023-01-11 10:00:00,149.82,7154,2097.48,False,True,False,False
12049,B200,Marker,18,2023-01-11 11:00:00,30.97,8787,557.46,False,False,False,True
41616,E500,Notebook,19,2023-01-11 12:00:00,44.23,5516,840.3699999999999,False,False,False,False
30932,B200,Notebook,15,2023-01-11 13:00:00,93.33,4734,1399.95,False,True,False,False
39855,D400,Eraser,15,2023-01-11 14:00:00,53.54,6972,803.1,True,False,False,False
71434,A100,Notebook,4,2023-01-11 15:00:00,83.63,7639,334.52,False,False,True,False
82694,B200,Ballpoint Pen,7,2023-01-11 16:00:00,177.8,6356,1244.6000000000001,False,True,False,False
53016,A100,Binder,13,2023-01-11 17:00:00,165.04,7380,2145.52,False,False,True,False
17400,E500,Paper Clip,3,2023-01-11 18:00:00,126.38,2008,379.14,True,False,False,False
52642,A100,Ballpoint Pen,16,2023-01-11 19:00:00,171.77,5314,2748.32,False,False,False,False
25151,B200,Ballpoint Pen,9,2023-01-11 20:00:00,156.97,3508,1412.73,False,False,False,False
61407,D400,Ruler,8,2023-01-11 21:00:00,86.37,5758,690.96,True,False,False,False
76690,E500,Paper Clip,13,2023-01-11 22:00:00,41.01,3682,533.13,False,False,True,False
14499,B200,Marker,17,2023-01-11 23:00:00,103.33,8311,1756.61,False,True,False,False
16295,E500,Notebook,17,2023-01-12 00:00:00,147.51,1989,2507.67,True,False,False,False
69040,C300,Paper Clip,17,2023-01-12 01:00:00,87.85,9446,1493.4499999999998,False,False,False,True
22183,A100,Notebook,1,2023-01-12 02:00:00,133.69,5711,133.69,False,False,True,False
39299,C300,Eraser,8,2023-01-12 03:00:00,19.77,7479,158.16,False,False,False,False
22874,B200,Paper Clip,19,2023-01-12 04:00:00,149.85,7964,2847.15,True,False,False,False
42711,D400,Notebook,6,2023-01-12 05:00:00,162.73,9075,976.3799999999999,False,False,False,False
15539,E500,Marker,3,2023-01-12 06:00:00,141.66,5452,424.98,False,False,True,False
63351,A100,Pencil,5,2023-01-12 07:00:00,193.49,9447,967.45,False,False,False,False
71267,E500,Stapler,13,2023-01-12 08:00:00,165.5,2007,2151.5,True,False,False,False
58354,B200,Stapler,15,2023-01-12 09:00:00,180.72,7496,2710.8,False,False,True,False
12557,E500,Marker,14,2023-01-12 10:00:00,186.78,8688,2614.92,False,False,False,True
48360,A100,Ruler,16,2023-01-12 11:00:00,160.47,4908,2567.52,True,False,False,False
92018,B200,Pencil,18,2023-01-12 12:00:00,135.18,3803,2433.2400000000002,False,True,False,False
12200,E500,Eraser,11,2023-01-12 13:00:00,2.14,5379,23.540000000000003,True,False,False,False
78497,D400,Marker,3,2023-01-12 14:00:00,93.7,1098,281.1,False,False,True,False
56975,B200,Stapler,10,2023-01-12 15:00:00,114.66,9388,1146.6,True,False,False,False
31357,B200,Stapler,10,2023-01-12 16:00:00,61.5,1877,615.0,False,False,False,True
87505,D400,Stapler,16,2023-01-12 17:00:00,64.3,2868,1028.8,False,False,False,True
12869,C300,Highlighter,12,2023-01-12 18:00:00,192.27,3665,2307.2400000000002,False,True,False,False
71135,A100,Marker,2,2023-01-12 19:00:00,178.45,2388,356.9,False,False,False,False
60108,C300,Ballpoint Pen,9,2023-01-12 20:00:00,169.99,3415,1529.91,False,False,True,False
48467,E500,Eraser,3,2023-01-12 21:00:00,81.8,9761,245.39999999999998,False,False,True,False
33328,D400,Stapler,15,2023-01-12 22:00:00,3.73,3637,55.95,False,False,False,False
96831,C300,Notebook,3,2023-01-12 23:00:00,16.96,8242,50.88,False,False,False,True
13987,B200,Marker,19,2023-01-13 00:00:00,63.13,9613,1199.47,False,False,False,True
68871,E500,Highlighter,18,2023-01-13 01:00:00,4.13,3883,74.34,True,False,False,False
32399,E500,Marker,8,2023-01-13 02:00:00,4.41,2204,35.28,False,True,False,False
56214,C300,Eraser,17,2023-01-13 03:00:00,183.4,1544,3117.8,False,True,False,False
96416,C300,Highlighter,8,2023-01-13 04:00:00,141.53,2223,1132.24,False,True,False,False
80271,D400,Eraser,7,2023-01-13 05:00:00,62.48,4172,437.35999999999996,True,False,False,False
54064,A100,Marker,7,2023-01-13 06:00:00,27.4,9959,191.79999999999998,False,True,False,False
80091,C300,Ballpoint Pen,3,2023-01-13 07:00:00,102.82,7450,308.46,False,False,False,False
50818,C300,Eraser,1,2023-01-13 08:00:00,2.06,7520,2.06,True,False,False,False
55525,B200,Highlighter,4,2023-01-13 09:00:00,187.74,1654,750.96,False,False,False,False
29830,E500,Highlighter,5,2023-01-13 10:00:00,83.55,7821,417.75,True,False,False,False
27429,A100,Eraser,1,2023-01-13 11:00:00,81.06,3446,81.06,False,True,False,False
16893,B200,Binder,15,2023-01-13 12:00:00,78.73,6892,1180.95,False,False,False,False
89909,D400,Marker,5,2023-01-13 13:00:00,14.8,9412,74.0,False,False,False,False
57333,D400,Binder,13,2023-01-13 14:00:00,128.03,4666,1664.39,False,False,False,False
13436,C300,Ruler,8,2023-01-13 15:00:00,146.87,5277,1174.96,True,False,False,False
84290,C300,Marker,8,2023-01-13 16:00:00,135.55,5402,1084.4,False,False,True,False
86213,D400,Eraser,5,2023-01-13 17:00:00,28.55,3569,142.75,False,True,False,False
15895,C300,Pencil,9,2023-01-13 18:00:00,116.19,6515,1045.71,False,False,False,False
29738,A100,Eraser,1,2023-01-13 19:00:00,114.33,4985,114.33,False,False,True,False
40746,C300,Binder,4,2023-01-13 20:00:00,173.81,9167,695.24,False,True,False,False
59377,E500,Ballpoint Pen,3,2023-01-13 21:00:00,76.45,8448,229.35000000000002,False,True,False,False
58404,C300,Eraser,2,2023-01-13 22:00:00,74.93,5310,149.86,False,False,False,False
64045,B200,Eraser,8,2023-01-13 23:00:00,124.09,4019,992.72,False,False,False,False
49790,A100,Ballpoint Pen,9,2023-01-14 00:00:00,126.98,4681,1142.82,True,False,False,False
15600,B200,Eraser,2,2023-01-14 01:00:00,94.39,5196,188.78,False,False,True,False
50764,B200,Stapler,14,2023-01-14 02:00:00,89.17,1572,1248.38,False,False,True,False
84543,E500,Pencil,14,2023-01-14 03:00:00,99.34,5753,1390.76,False,False,False,False
55714,A100,Notebook,4,2023-01-14 04:00:00,172.35,8082,689.4,False,True,False,False
66835,A100,Pencil,6,2023-01-14 05:00:00,92.77,5002,556.62,False,False,False,False
83744,A100,Eraser,11,2023-01-14 06:00:00,188.05,6629,2068.55,False,True,False,False
66491,A100,Stapler,3,2023-01-14 07:00:00,101.3,9417,303.9,False,True,False,False
28589,A100,Marker,8,2023-01-14 08:00:00,189.89,5200,1519.12,False,False,False,False
53484,E500,Eraser,3,2023-01-14 09:00:00,166.73,2997,500.18999999999994,False,False,False,True
92989,C300,Binder,14,2023-01-14 10:00:00,73.12,9963,1023.6800000000001,False,False,True,False
46212,B200,Stapler,13,2023-01-14 11:00:00,172.86,8422,2247.1800000000003,False,True,False,False
53525,A100,Ballpoint Pen,13,2023-01-14 12:00:00,22.9,5524,297.7,False,True,False,False
57202,C300,Stapler,2,2023-01-14 13:00:00,185.08,9625,370.16,False,False,False,True
42635,C300,Ballpoint Pen,13,2023-01-14 14:00:00,126.7,4407,1647.1000000000001,True,False,False,False
73208,B200,Ruler,19,2023-01-14 15:00:00,11.82,7731,224.58,False,False,False,True
43828,E500,Notebook,6,2023-01-14 16:00:00,129.21,8795,775.26,False,False,False,True
28711,D400,Paper Clip,16,2023-01-14 17:00:00,194.88,3793,3118.08,False,True,False,False
13420,D400,Stapler,2,2023-01-14 18:00:00,14.89,8334,29.78,False,False,True,False
10301,C300,Highlighter,8,2023-01-14 19:00:00,111.38,3911,891.04,False,False,False,True
55236,B200,Binder,17,2023-01-14 20:00:00,149.81,8952,2546.77,True,False,False,False
76235,D400,Eraser,2,2023-01-14 21:00:00,162.24,3415,324.48,False,False,False,False
64240,C300,Binder,10,2023-01-14 22:00:00,83.35,1250,833.5,False,False,False,True
75726,E500,Pencil,16,2023-01-14 23:00:00,41.63,5951,666.08,False,False,False,True
20492,D400,Paper Clip,6,2023-01-15 00:00:00,9.43,9098,56.58,True,False,False,False
16102,C300,Pencil,2,2023-01-15 01:00:00,116.37,6289,232.74,False,False,True,False
60336,C300,Ruler,2,2023-01-15 02:00:00,91.13,9102,182.26,False,False,False,True
95314,A100,Paper Clip,13,2023-01-15 03:00:00,189.8,8257,2467.4,False,False,False,True
36641,E500,Paper Clip,15,2023-01-15 04:00:00,13.06,6565,195.9,False,False,True,False
44584,A100,Pencil,2,2023-01-15 05:00:00,137.39,7437,274.78,True,False,False,False
42745,B200,Ballpoint Pen,7,2023-01-15 06:00:00,5.97,2173,41.79,False,False,False,True
33093,A100,Pencil,3,2023-01-15 07:00:00,35.12,9624,105.35999999999999,False,False,True,False
76105,A100,Binder,8,2023-01-15 08:00:00,91.26,1835,730.08,False,False,False,True
61885,D400,Ballpoint Pen,14,2023-01-15 09:00:00,91.52,3262,1281.28,False,False,False,False
46631,C300,Binder,7,2023-01-15 10:00:00,137.45,5567,962.1499999999999,False,True,False,False
82991,E500,Ruler,7,2023-01-15 11:00:00,182.13,4815,1274.9099999999999,False,False,False,False
14014,A100,Eraser,1,2023-01-15 12:00:00,128.17,1246,128.17,False,False,False,True
21093,E500,Marker,17,2023-01-15 13:00:00,190.75,3429,3242.75,True,False,False,False
28070,A100,Ballpoint Pen,9,2023-01-15 14:00:00,176.44,6287,1587.96,False,True,False,False
45777,B200,Ruler,13,2023-01-15 15:00:00,117.32,3607,1525.1599999999999,False,False,False,False
66958,A100,Highlighter,19,2023-01-15 16:00:00,166.92,6930,3171.4799999999996,False,False,True,False
92074,D400,Ruler,19,2023-01-15 17:00:00,128.87,5022,2448.53,True,False,False,False
20729,C300,Pencil,17,2023-01-15 18:00:00,16.63,5784,282.71,False,False,False,False
55017,B200,Pencil,10,2023-01-15 19:00:00,148.37,7617,1483.7,False,False,True,False
76320,A100,Marker,10,2023-01-15 20:00:00,19.89,4151,198.9,False,False,False,True
37751,E500,Ruler,4,2023-01-15 21:00:00,119.22,6580,476.88,False,False,True,False
88069,B200,Notebook,8,2023-01-15 22:00:00,140.83,8054,1126.64,False,False,False,False
64748,B200,Eraser,18,2023-01-15 23:00:00,14.24,8706,256.32,False,False,False,False
15801,A100,Pencil,14,2023-01-16 00:00:00,46.93,8619,657.02,False,False,False,True
29190,B200,Marker,18,2023-01-16 01:00:00,183.22,5573,3297.96,False,False,True,False
59689,E500,Eraser,14,2023-01-16 02:00:00,123.65,4491,1731.1000000000001,False,False,True,False
60993,B200,Ruler,15,2023-01-16 03:00:00,50.01,1706,750.15,False,False,False,True
39592,E500,Ruler,4,2023-01-16 04:00:00,138.45,7997,553.8,False,False,True,False
20647,A100,Paper Clip,13,2023-01-16 05:00:00,119.76,6233,1556.88,False,False,False,True
18716,C300,Marker,8,2023-01-16 06:00:00,100.81,9945,806.48,True,False,False,False
98891,B200,Pencil,18,2023-01-16 07:00:00,195.26,6755,3514.68,False,False,False,False
97545,C300,Notebook,12,2023-01-16 08:00:00,137.01,7960,1644.12,True,False,False,False
99912,E500,Ruler,14,2023-01-16 09:00:00,75.71,9779,1059.9399999999998,False,True,False,False
80316,B200,Notebook,2,2023-01-16 10:00:00,160.21,2334,320.42,False,True,False,False
12368,D400,Ruler,18,2023-01-16 11:00:00,177.03,6588,3186.54,False,True,False,False
87575,C300,Pencil,2,2023-01-16 12:00:00,25.92,2847,51.84,False,False,False,True
16655,B200,Eraser,11,2023-01-16 13:00:00,40.91,7851,450.01,False,False,True,False
80031,C300,Stapler,9,2023-01-16 14:00:00,44.03,8211,396.27,True,False,False,False
86429,B200,Eraser,12,2023-01-16 15:00:00,138.55,8865,1662.6000000000001,True,False,False,False
97922,A100,Ruler,17,2023-01-16 16:00:00,121.0,4317,2057.0,True,False,False,False
65766,C300,Binder,15,2023-01-16 17:00:00,124.18,7811,1862.7,True,False,False,False
23403,D400,Stapler,17,2023-01-16 18:00:00,188.21,1164,3199.57,False,True,False,False
42097,D400,Stapler,18,2023-01-16 19:00:00,155.41,8060,2797.38,True,False,False,False
88657,E500,Notebook,6,2023-01-16 20:00:00,26.46,4057,158.76,False,False,True,False
20966,B200,Marker,17,2023-01-16 21:00:00,70.15,5428,1192.5500000000002,False,True,False,False
62921,C300,Notebook,18,2023-01-16 22:00:00,87.64,1402,1577.52,True,False,False,False
59726,E500,Notebook,8,2023-01-16 23:00:00,79.8,9605,638.4,False,False,False,True
60300,C300,Binder,9,2023-01-17 00:00:00,134.19,9236,1207.71,False,False,False,False
32677,B200,Eraser,6,2023-01-17 01:00:00,178.49,7349,1070.94,False,False,False,False
65609,D400,Eraser,5,2023-01-17 02:00:00,61.9,5157,309.5,False,False,False,False
66661,A100,Highlighter,12,2023-01-17 03:00:00,110.82,1867,1329.84,False,True,False,False
41024,D400,Ruler,11,2023-01-17 04:00:00,158.09,9210,1738.99,True,False,False,False
80313,E500,Binder,1,2023-01-17 05:00:00,83.83,1364,83.83,False,True,False,False
63006,A100,Highlighter,11,2023-01-17 06:00:00,34.46,8467,379.06,False,False,True,False
25338,E500,Pencil,19,2023-01-17 07:00:00,95.52,7571,1814.8799999999999,False,False,False,True
78027,B200,Ruler,9,2023-01-17 08:00:00,11.99,1579,107.91,False,False,False,True
90135,A100,Ruler,2,2023-01-17 09:00:00,188.53,8674,377.06,False,False,False,False
29508,E500,Paper Clip,12,2023-01-17 10:00:00,15.89,9737,190.68,False,False,False,False
13051,B200,Paper Clip,4,2023-01-17 11:00:00,88.25,7468,353.0,False,False,False,False
58747,D400,Ballpoint Pen,4,2023-01-17 12:00:00,106.45,5150,425.8,True,False,False,False
97142,B200,Ballpoint Pen,18,2023-01-17 13:00:00,197.08,4039,3547.44,False,False,True,False
97235,C300,Notebook,15,2023-01-17 14:00:00,34.04,5137,510.59999999999997,False,False,True,False
64021,B200,Pencil,19,2023-01-17 15:00:00,23.77,1452,451.63,False,False,True,False
76412,B200,Stapler,13,2023-01-17 16:00:00,2.73,7537,35.49,False,False,True,False
68335,C300,Stapler,19,2023-01-17 17:00:00,31.96,2381,607.24,False,False,False,False
66179,E500,Paper Clip,17,2023-01-17 18:00:00,42.25,9154,718.25,False,False,False,True
42093,E500,Paper Clip,6,2023-01-17 19:00:00,126.49,2467,758.9399999999999,False,False,False,False
79678,B200,Paper Clip,16,2023-01-17 20:00:00,44.72,3738,715.52,False,False,True,False
90738,C300,Binder,12,2023-01-17 21:00:00,5.08,8572,60.96,False,False,False,False
49734,C300,Marker,19,2023-01-17 22:00:00,165.5,7747,3144.5,False,False,True,False
82615,D400,Ballpoint Pen,5,2023-01-17 23:00:00,73.75,1880,368.75,False,True,False,False
83523,E500,Binder,17,2023-01-18 00:00:00,71.39,4149,1213.63,False,False,False,True
27019,A100,Eraser,1,2023-01-18 01:00:00,61.19,9276,61.19,False,True,False,False
93613,E500,Stapler,10,2023-01-18 02:00:00,195.1,8892,1951.0,True,False,False,False
96672,E500,Ruler,15,2023-01-18 03:00:00,34.85,5144,522.75,False,False,False,False
83847,D400,Ballpoint Pen,11,2023-01-18 04:00:00,179.75,2168,1977.25,True,False,False,False
92750,A100,Highlighter,13,2023-01-18 05:00:00,155.58,4129,2022.5400000000002,False,False,False,False
89634,D400,Eraser,5,2023-01-18 06:00:00,16.22,4645,81.1,False,True,False,False
38251,A100,Ballpoint Pen,1,2023-01-18 07:00:00,197.36,3526,197.36,False,False,True,False
35945,B200,Binder,12,2023-01-18 08:00:00,55.0,4516,660.0,False,False,True,False
42217,A100,Pencil,11,2023-01-18 09:00:00,20.62,4367,226.82000000000002,False,False,False,False
18308,D400,Ruler,17,2023-01-18 10:00:00,166.03,8338,2822.51,False,False,True,False
15949,E500,Ballpoint Pen,4,2023-01-18 11:00:00,141.63,4555,566.52,False,True,False,False
61990,A100,Marker,15,2023-01-18 12:00:00,123.83,6111,1857.45,False,False,True,False
11150,A100,Paper Clip,9,2023-01-18 13:00:00,32.04,7752,288.36,False,True,False,False
99480,C300,Paper Clip,19,2023-01-18 14:00:00,96.22,1445,1828.18,True,False,False,False
84740,E500,Ruler,19,2023-01-18 15:00:00,156.33,7364,2970.2700000000004,False,True,False,False
76617,B200,Binder,12,2023-01-18 16:00:00,61.42,4626,737.04,False,False,False,True
26896,D400,Paper Clip,5,2023-01-18 17:00:00,63.03,5016,315.15,False,False,False,True
56175,B200,Ballpoint Pen,10,2023-01-18 18:00:00,1.63,4875,16.299999999999997,False,False,False,True
17805,E500,Highlighter,17,2023-01-18 19:00:00,35.67,6497,606.39,False,False,False,False
15237,A100,Stapler,5,2023-01-18 20:00:00,175.21,7238,876.0500000000001,False,False,False,False
30056,A100,Stapler,16,2023-01-18 21:00:00,88.91,1261,1422.56,False,False,False,False
55543,E500,Eraser,7,2023-01-18 22:00:00,196.86,5992,1378.02,False,True,False,False
66556,A100,Notebook,9,2023-01-18 23:00:00,79.75,5025,717.75,False,False,False,False
13343,A100,Pencil,3,2023-01-19 00:00:00,143.32,9283,429.96,True,False,False,False
23500,A100,Ruler,15,2023-01-19 01:00:00,57.1,5222,856.5,False,False,False,True
63222,D400,Eraser,16,2023-01-19 02:00:00,73.4,5175,1174.4,False,True,False,False
39375,D400,Notebook,18,2023-01-19 03:00:00,38.95,4443,701.1,False,False,False,True
19662,C300,Binder,14,2023-01-19 04:00:00,70.07,6011,980.9799999999999,False,False,False,False
26964,B200,Marker,3,2023-01-19 05:00:00,109.9,1693,329.70000000000005,False,True,False,False
69638,E500,Marker,12,2023-01-19 06:00:00,198.36,9347,2380.32,False,False,True,False
83666,E500,Pencil,9,2023-01-19 07:00:00,133.18,2812,1198.6200000000001,True,False,False,False
95067,E500,Paper Clip,7,2023-01-19 08:00:00,40.65,6724,284.55,False,False,False,False
77215,C300,Ballpoint Pen,9,2023-01-19 09:00:00,9.95,2407,89.55,False,False,False,False
79042,D400,Eraser,13,2023-01-19 10:00:00,26.14,9032,339.82,True,False,False,False
23284,C300,Eraser,18,2023-01-19 11:00:00,112.95,2410,2033.1000000000001,True,False,False,False
82789,E500,Ruler,5,2023-01-19 12:00:00,153.27,4497,766.35,False,False,True,False
94664,B200,Ruler,13,2023-01-19 13:00:00,188.14,5372,2445.8199999999997,False,False,False,False
71389,A100,Marker,4,2023-01-19 14:00:00,4.15,8394,16.6,False,False,False,False
19435,D400,Marker,2,2023-01-19 15:00:00,105.03,1551,210.06,False,False,False,True
64340,D400,Highlighter,16,2023-01-19 16:00:00,94.7,5332,1515.2,False,True,False,False
54078,C300,Highlighter,9,2023-01-19 17:00:00,131.55,1997,1183.95,False,True,False,False
88832,D400,Paper Clip,9,2023-01-19 18:00:00,112.36,5076,1011.24,False,False,False,True
61293,E500,Highlighter,6,2023-01-19 19:00:00,137.72,7099,826.3199999999999,False,True,False,False
88781,E500,Ballpoint Pen,11,2023-01-19 20:00:00,131.96,6555,1451.5600000000002,True,False,False,False
70403,C300,Ballpoint Pen,1,2023-01-19 21:00:00,24.29,5052,24.29,False,True,False,False
39124,E500,Eraser,4,2023-01-19 22:00:00,160.14,6303,640.56,False,True,False,False
53919,B200,Stapler,13,2023-01-19 23:00:00,25.52,9118,331.76,False,False,False,True
45247,C300,Ballpoint Pen,13,2023-01-20 00:00:00,140.01,7102,1820.1299999999999,False,False,True,False
72752,B200,Notebook,13,2023-01-20 01:00:00,83.81,6490,1089.53,False,True,False,False
66573,A100,Marker,2,2023-01-20 02:00:00,103.26,9564,206.52,False,True,False,False
69101,B200,Ruler,9,2023-01-20 03:00:00,180.76,6616,1626.84,False,False,True,False
36646,A100,Highlighter,8,2023-01-20 04:00:00,178.09,3248,1424.72,False,False,False,True
33049,A100,Eraser,7,2023-01-20 05:00:00,163.75,1848,1146.25,False,False,True,False
89605,B200,Pencil,4,2023-01-20 06:00:00,102.52,7354,410.08,False,False,False,True
78385,C300,Ruler,18,2023-01-20 07:00:00,147.51,9695,2655.18,True,False,False,False
50158,E500,Notebook,3,2023-01-20 08:00:00,103.07,9070,309.21,False,False,False,True
75417,E500,Highlighter,6,2023-01-20 09:00:00,174.05,9894,1044.3000000000002,True,False,False,False
33289,A100,Notebook,12,2023-01-20 10:00:00,81.15,4625,973.8000000000001,True,False,False,False
19823,A100,Marker,12,2023-01-20 11:00:00,194.08,1314,2328.96,False,False,False,True
70160,C300,Marker,8,2023-01-20 12:00:00,186.53,3376,1492.24,False,False,False,False
51975,D400,Paper Clip,1,2023-01-20 13:00:00,148.58,5378,148.58,False,False,False,True
19540,B200,Eraser,4,2023-01-20 14:00:00,56.6,9449,226.4,False,True,False,False
26364,A100,Ruler,11,2023-01-20 15:00:00,27.2,1574,299.2,False,True,False,False
14611,E500,Binder,3,2023-01-20 16:00:00,171.09,6585,513.27,False,False,False,False
37663,C300,Binder,13,2023-01-20 17:00:00,33.9,6492,440.7,True,False,False,False
61991,B200,Ruler,17,2023-01-20 18:00:00,171.0,9949,2907.0,False,False,False,False
67679,C300,Pencil,10,2023-01-20 19:00:00,98.66,3810,986.5999999999999,False,True,False,False
40977,B200,Eraser,12,2023-01-20 20:00:00,81.9,9134,982.8000000000001,False,False,False,False
59115,B200,Notebook,15,2023-01-20 21:00:00,180.73,6670,2710.95,False,False,False,True
98223,A100,Pencil,10,2023-01-20 22:00:00,121.17,8715,1211.7,False,False,False,False
70890,C300,Stapler,14,2023-01-20 23:00:00,115.75,7567,1620.5,True,False,False,False
76387,C300,Ruler,13,2023-01-21 00:00:00,112.19,4459,1458.47,False,False,False,True
28071,E500,Notebook,5,2023-01-21 01:00:00,74.86,7117,374.3,False,False,True,False
69275,E500,Binder,6,2023-01-21 02:00:00,157.34,4992,944.04,False,True,False,False
82369,A100,Ballpoint Pen,2,2023-01-21 03:00:00,51.31,8837,102.62,False,True,False,False
21938,A100,Paper Clip,17,2023-01-21 04:00:00,187.84,1203,3193.28,False,False,False,False
45195,D400,Binder,4,2023-01-21 05:00:00,178.9,3775,715.6,False,False,False,True
14000,E500,Eraser,14,2023-01-21 06:00:00,68.16,2992,954.24,False,False,True,False
80588,B200,Marker,10,2023-01-21 07:00:00,146.16,3243,1461.6,False,False,False,True
48304,C300,Ballpoint Pen,3,2023-01-21 08:00:00,115.07,9498,345.21,False,True,False,False
79449,A100,Paper Clip,3,2023-01-21 09:00:00,68.19,2687,204.57,False,False,False,True
92986,C300,Paper Clip,15,2023-01-21 10:00:00,197.72,5109,2965.8,False,False,True,False
99643,C300,Stapler,6,2023-01-21 11:00:00,6.02,2860,36.12,False,False,False,False
30764,D400,Stapler,17,2023-01-21 12:00:00,51.28,6176,871.76,True,False,False,False
96027,E500,Highlighter,12,2023-01-21 13:00:00,104.49,1722,1253.8799999999999,False,False,False,True
48494,A100,Binder,11,2023-01-21 14:00:00,104.87,9971,1153.5700000000002,True,False,False,False
13373,C300,Binder,4,2023-01-21 15:00:00,118.2,9720,472.8,False,True,False,False
22161,A100,Binder,6,2023-01-21 16:00:00,150.58,5893,903.48,False,False,False,False
37350,B200,Highlighter,1,2023-01-21 17:00:00,125.07,1343,125.07,False,False,False,False
35351,D400,Pencil,16,2023-01-21 18:00:00,120.46,6398,1927.36,False,False,False,True
98668,B200,Paper Clip,15,2023-01-21 19:00:00,11.65,9400,174.75,False,False,False,False
25305,A100,Ballpoint Pen,17,2023-01-21 20:00:00,75.93,5736,1290.8100000000002,False,False,False,True
85353,A100,Eraser,8,2023-01-21 21:00:00,47.18,4406,377.44,False,False,False,True
86797,E500,Paper Clip,12,2023-01-21 22:00:00,53.81,1919,645.72,True,False,False,False
75953,C300,Stapler,10,2023-01-21 23:00:00,111.31,6819,1113.1,False,False,False,False
67458,C300,Notebook,15,2023-01-22 00:00:00,40.7,3044,610.5,False,False,False,True
30358,B200,Marker,9,2023-01-22 01:00:00,59.5,1418,535.5,True,False,False,False
13267,D400,Highlighter,2,2023-01-22 02:00:00,48.18,2749,96.36,False,False,True,False
92745,C300,Ruler,5,2023-01-22 03:00:00,189.75,8378,948.75,True,False,False,False
99588,E500,Notebook,6,2023-01-22 04:00:00,188.99,2099,1133.94,True,False,False,False
48513,B200,Eraser,7,2023-01-22 05:00:00,122.38,4392,856.66,False,False,False,True
36092,B200,Binder,1,2023-01-22 06:00:00,184.98,3772,184.98,False,True,False,False
21338,E500,Stapler,7,2023-01-22 07:00:00,157.38,7784,1101.6599999999999,False,True,False,False
10412,D400,Stapler,12,2023-01-22 08:00:00,118.4,2545,1420.8000000000002,False,True,False,False
17543,E500,Stapler,16,2023-01-22 09:00:00,2.28,2070,36.48,True,False,False,False
43496,D400,Binder,16,2023-01-22 10:00:00,154.73,7522,2475.68,False,False,False,True
70692,E500,Ruler,11,2023-01-22 11:00:00,140.8,2850,1548.8000000000002,False,False,False,False
99084,E500,Highlighter,4,2023-01-22 12:00:00,123.44,6053,493.76,True,False,False,False
54425,A100,Notebook,13,2023-01-22 13:00:00,152.32,3939,1980.1599999999999,True,False,False,False
48756,B200,Binder,7,2023-01-22 14:00:00,103.07,8194,721.49,False,False,False,True
28888,E500,Eraser,4,2023-01-22 15:00:00,141.11,6851,564.44,False,False,True,False
45735,E500,Highlighter,15,2023-01-22 16:00:00,187.1,7673,2806.5,True,False,False,False
57295,C300,Eraser,19,2023-01-22 17:00:00,75.79,1678,1440.0100000000002,False,False,True,False
93042,B200,Highlighter,9,2023-01-22 18:00:00,141.92,1988,1277.28,False,False,True,False
95999,C300,Ruler,11,2023-01-22 19:00:00,95.66,2502,1052.26,False,True,False,False
27955,B200,Marker,8,2023-01-22 20:00:00,135.21,2789,1081.68,False,False,False,True
47841,C300,Eraser,1,2023-01-22 21:00:00,152.82,6281,152.82,False,False,True,False
80640,E500,Binder,8,2023-01-22 22:00:00,10.05,6027,80.4,False,False,False,True
75510,E500,Highlighter,13,2023-01-22 23:00:00,129.67,2425,1685.7099999999998,False,True,False,False
44911,A100,Stapler,4,2023-01-23 00:00:00,46.12,7654,184.48,False,False,False,True
69031,C300,Paper Clip,8,2023-01-23 01:00:00,134.34,3440,1074.72,True,False,False,False
98726,D400,Stapler,3,2023-01-23 02:00:00,94.2,7856,282.6,False,False,True,False
17357,A100,Pencil,9,2023-01-23 03:00:00,154.94,8367,1394.46,False,False,False,True
42479,C300,Marker,2,2023-01-23 04:00:00,25.56,3594,51.12,False,False,False,False
71476,C300,Marker,2,2023-01-23 05:00:00,125.64,5689,251.28,False,False,False,True
54811,A100,Stapler,13,2023-01-23 06:00:00,56.42,3436,733.46,False,False,True,False
46208,E500,Notebook,15,2023-01-23 07:00:00,170.74,6517,2561.1000000000004,False,True,False,False
30150,C300,Ruler,12,2023-01-23 08:00:00,185.75,7310,2229.0,False,True,False,False
81180,E500,Eraser,4,2023-01-23 09:00:00,199.28,4539,797.12,False,False,True,False
53286,A100,Binder,8,2023-01-23 10:00:00,159.41,4483,1275.28,True,False,False,False
78450,E500,Marker,9,2023-01-23 11:00:00,150.99,8371,1358.91,True,False,False,False
31352,B200,Stapler,5,2023-01-23 12:00:00,43.88,3241,219.4,False,True,False,False
65069,D400,Stapler,18,2023-01-23 13:00:00,67.87,7378,1221.66,False,True,False,False
24397,C300,Ruler,11,2023-01-23 14:00:00,93.67,3765,1030.3700000000001,False,False,True,False
51555,D400,Ruler,15,2023-01-23 15:00:00,154.9,5911,2323.5,True,False,False,False
56959,E500,Ballpoint Pen,9,2023-01-23 16:00:00,183.08,1403,1647.72,False,True,False,False
10728,C300,Ballpoint Pen,17,2023-01-23 17:00:00,38.64,4382,656.88,True,False,False,False
60517,E500,Notebook,12,2023-01-23 18:00:00,184.55,5163,2214.6000000000004,False,True,False,False
76234,B200,Notebook,7,2023-01-23 19:00:00,139.43,8630,976.01,False,False,False,True
49954,A100,Pencil,10,2023-01-23 20:00:00,122.54,1087,1225.4,False,False,False,False
57280,C300,Notebook,10,2023-01-23 21:00:00,40.77,6816,407.70000000000005,False,False,False,True
89459,B200,Highlighter,13,2023-01-23 22:00:00,12.05,6470,156.65,False,True,False,False
26779,B200,Ruler,19,2023-01-23 23:00:00,114.12,7276,2168.28,False,False,False,False
73932,C300,Binder,11,2023-01-24 00:00:00,130.65,6739,1437.15,False,False,False,False
82936,E500,Highlighter,13,2023-01-24 01:00:00,42.95,5273,558.35,False,True,False,False
34466,B200,Eraser,8,2023-01-24 02:00:00,111.73,7523,893.84,False,True,False,False
46939,D400,Stapler,8,2023-01-24 03:00:00,171.44,6003,1371.52,True,False,False,False
79896,B200,Notebook,4,2023-01-24 04:00:00,167.18,9038,668.72,False,True,False,False
45270,E500,Stapler,15,2023-01-24 05:00:00,185.54,7606,2783.1,False,False,True,False
69163,E500,Marker,11,2023-01-24 06:00:00,73.81,3064,811.9100000000001,False,True,False,False
92637,D400,Pencil,11,2023-01-24 07:00:00,64.29,6315,707.19,False,False,True,False
61934,B200,Marker,1,2023-01-24 08:00:00,150.14,1317,150.14,False,True,False,False
74895,E500,Pencil,17,2023-01-24 09:00:00,86.79,2502,1475.43,True,False,False,False
42307,C300,Ballpoint Pen,15,2023-01-24 10:00:00,18.42,7130,276.3,False,False,True,False
64098,A100,Stapler,6,2023-01-24 11:00:00,57.28,8419,343.68,False,False,False,True
70921,A100,Pencil,15,2023-01-24 12:00:00,84.3,3042,1264.5,False,False,True,False
15486,A100,Paper Clip,9,2023-01-24 13:00:00,59.21,5598,532.89,True,False,False,False
18335,B200,Highlighter,14,2023-01-24 14:00:00,67.11,1118,939.54,False,False,True,False
96900,D400,Pencil,18,2023-01-24 15:00:00,59.46,1709,1070.28,False,True,False,False
99112,E500,Pencil,17,2023-01-24 16:00:00,9.26,4557,157.42,False,True,False,False
21130,C300,Highlighter,18,2023-01-24 17:00:00,127.78,4250,2300.04,True,False,False,False
97508,C300,Stapler,5,2023-01-24 18:00:00,119.86,9061,599.3,False,False,False,False
70566,B200,Stapler,9,2023-01-24 19:00:00,131.02,9609,1179.18,False,True,False,False
76703,A100,Highlighter,11,2023-01-24 20:00:00,39.27,3603,431.97,False,False,False,True
37192,B200,Marker,1,2023-01-24 21:00:00,59.84,2101,59.84,True,False,False,False
11062,D400,Paper Clip,18,2023-01-24 22:00:00,124.3,5421,2237.4,False,False,True,False
94076,D400,Binder,6,2023-01-24 23:00:00,120.33,8857,721.98,False,False,True,False
99780,E500,Eraser,2,2023-01-25 00:00:00,101.76,9177,203.52,False,False,False,True
31545,E500,Paper Clip,15,2023-01-25 01:00:00,70.73,7082,1060.95,False,True,False,False
31689,D400,Stapler,14,2023-01-25 02:00:00,182.67,7658,2557.3799999999997,True,False,False,False
21174,D400,Binder,5,2023-01-25 03:00:00,68.61,3261,343.05,False,False,False,True
98461,D400,Ballpoint Pen,6,2023-01-25 04:00:00,91.67,9021,550.02,False,True,False,False
19348,B200,Notebook,6,2023-01-25 05:00:00,135.94,1508,815.64,True,False,False,False
33714,D400,Pencil,18,2023-01-25 06:00:00,109.06,3379,1963.08,False,False,True,False
48102,C300,Highlighter,14,2023-01-25 07:00:00,70.03,9879,980.4200000000001,True,False,False,False
84460,A100,Highlighter,10,2023-01-25 08:00:00,87.69,5752,876.9,False,False,False,False
99930,D400,Pencil,14,2023-01-25 09:00:00,159.1,6495,2227.4,True,False,False,False
16801,A100,Notebook,13,2023-01-25 10:00:00,56.35,4209,732.5500000000001,False,False,False,False
82267,B200,Eraser,3,2023-01-25 11:00:00,29.31,8398,87.92999999999999,True,False,False,False
58136,A100,Notebook,6,2023-01-25 12:00:00,63.32,7743,379.92,False,False,False,False
33625,B200,Binder,8,2023-01-25 13:00:00,170.06,6648,1360.48,False,False,True,False
92873,C300,Notebook,12,2023-01-25 14:00:00,18.71,6171,224.52,False,True,False,False
82592,B200,Binder,13,2023-01-25 15:00:00,198.35,8890,2578.5499999999997,False,False,False,False
87052,B200,Notebook,11,2023-01-25 16:00:00,108.66,1324,1195.26,False,False,False,False
54261,E500,Eraser,12,2023-01-25 17:00:00,196.98,4557,2363.7599999999998,False,False,True,False
11542,D400,Eraser,1,2023-01-25 18:00:00,187.86,4587,187.86,False,False,False,False
31677,D400,Stapler,17,2023-01-25 19:00:00,91.11,1151,1548.87,False,False,False,True
56732,C300,Pencil,16,2023-01-25 20:00:00,40.5,1954,648.0,False,False,True,False
60343,C300,Eraser,11,2023-01-25 21:00:00,33.81,5354,371.91,False,False,False,True
49081,D400,Binder,13,2023-01-25 22:00:00,48.76,8160,633.88,False,False,True,False
72856,E500,Eraser,18,2023-01-25 23:00:00,142.32,1687,2561.7599999999998,False,False,False,False
98858,D400,Stapler,11,2023-01-26 00:00:00,55.32,9501,608.52,False,False,False,True
29065,E500,Highlighter,12,2023-01-26 01:00:00,68.94,4127,827.28,False,False,False,False
93460,C300,Binder,6,2023-01-26 02:00:00,90.31,7763,541.86,False,False,True,False
98092,A100,Stapler,9,2023-01-26 03:00:00,182.73,4395,1644.57,False,False,False,False
64693,C300,Marker,16,2023-01-26 04:00:00,38.69,1845,619.04,False,False,False,True
36962,C300,Marker,4,2023-01-26 05:00:00,2.0,2164,8.0,False,False,False,True
38295,B200,Ballpoint Pen,3,2023-01-26 06:00:00,12.96,6904,38.88,False,False,False,False
23807,B200,Notebook,16,2023-01-26 07:00:00,181.05,6360,2896.8,True,False,False,False
52348,B200,Pencil,12,2023-01-26 08:00:00,129.86,1354,1558.3200000000002,False,False,True,False
36432,B200,Ruler,11,2023-01-26 09:00:00,55.34,2872,608.74,False,False,True,False
93285,E500,Paper Clip,5,2023-01-26 10:00:00,36.26,3024,181.29999999999998,False,False,False,False
67854,D400,Stapler,18,2023-01-26 11:00:00,59.56,3817,1072.08,True,False,False,False
50262,A100,Highlighter,19,2023-01-26 12:00:00,23.84,4832,452.96,False,False,False,True
47080,C300,Paper Clip,6,2023-01-26 13:00:00,188.37,9257,1130.22,False,True,False,False
11324,E500,Highlighter,18,2023-01-26 14:00:00,157.06,3581,2827.08,False,True,False,False
45909,A100,Paper Clip,6,2023-01-26 15:00:00,93.02,3486,558.12,False,False,False,False
99339,E500,Stapler,4,2023-01-26 16:00:00,173.13,9418,692.52,True,False,False,False
29870,E500,Ruler,12,2023-01-26 17:00:00,50.64,3443,607.6800000000001,True,False,False,False
44578,C300,Paper Clip,19,2023-01-26 18:00:00,143.71,9919,2730.4900000000002,False,False,True,False
82124,D400,Stapler,2,2023-01-26 19:00:00,171.37,2036,342.74,False,False,False,True
36790,B200,Eraser,17,2023-01-26 20:00:00,72.0,9684,1224.0,True,False,False,False
35289,D400,Ruler,11,2023-01-26 21:00:00,151.74,8435,1669.14,False,True,False,False
65129,C300,Binder,11,2023-01-26 22:00:00,59.72,2548,656.92,False,False,False,True
25485,C300,Highlighter,16,2023-01-26 23:00:00,60.47,6065,967.52,False,False,False,True
54482,C300,Marker,2,2023-01-27 00:00:00,22.3,7496,44.6,False,False,False,False
96188,A100,Notebook,2,2023-01-27 01:00:00,88.57,7183,177.14,True,False,False,False
14748,D400,Marker,8,2023-01-27 02:00:00,146.21,4957,1169.68,False,False,False,False
96769,D400,Ruler,13,2023-01-27 03:00:00,188.1,4407,2445.2999999999997,True,False,False,False
19435,E500,Binder,10,2023-01-27 04:00:00,121.16,1639,1211.6,False,False,True,False
13709,E500,Highlighter,8,2023-01-27 05:00:00,172.76,1172,1382.08,False,False,False,False
40355,E500,Binder,4,2023-01-27 06:00:00,164.68,6666,658.72,False,False,False,False
65771,C300,Paper Clip,15,2023-01-27 07:00:00,35.5,5354,532.5,False,True,False,False
67799,D400,Highlighter,1,2023-01-27 08:00:00,97.68,4959,97.68,False,False,False,False
23116,C300,Paper Clip,11,2023-01-27 09:00:00,24.27,9708,266.96999999999997,True,False,False,False
35470,A100,Stapler,7,2023-01-27 10:00:00,136.75,9714,957.25,False,True,False,False
52344,E500,Ruler,17,2023-01-27 11:00:00,190.03,3886,3230.51,False,False,False,False
52918,C300,Stapler,18,2023-01-27 12:00:00,28.28,3164,509.04,False,False,False,False
62224,C300,Ballpoint Pen,12,2023-01-27 13:00:00,147.04,4945,1764.48,False,False,True,False
49298,A100,Binder,9,2023-01-27 14:00:00,126.82,6235,1141.3799999999999,False,False,False,False
90219,B200,Paper Clip,5,2023-01-27 15:00:00,117.14,8746,585.7,False,False,False,True
71629,D400,Eraser,10,2023-01-27 16:00:00,78.63,3590,786.3,False,True,False,False
76040,B200,Stapler,4,2023-01-27 17:00:00,71.67,8754,286.68,False,False,False,True
38016,E500,Ballpoint Pen,5,2023-01-27 18:00:00,10.0,5934,50.0,False,True,False,False
33960,C300,Pencil,10,2023-01-27 19:00:00,44.36,5076,443.6,False,False,True,False
43591,A100,Marker,11,2023-01-27 20:00:00,4.02,6185,44.22,False,False,False,False
92848,A100,Highlighter,10,2023-01-27 21:00:00,116.7,2093,1167.0,False,False,False,False
77641,D400,Ballpoint Pen,8,2023-01-27 22:00:00,22.06,4880,176.48,False,False,False,False
46395,B200,Ruler,2,2023-01-27 23:00:00,174.73,7559,349.46,False,True,False,False
32700,D400,Stapler,8,2023-01-28 00:00:00,105.11,3785,840.88,False,False,False,False
44620,C300,Ruler,16,2023-01-28 01:00:00,140.24,7065,2243.84,False,False,False,True
30559,D400,Marker,5,2023-01-28 02:00:00,82.76,7539,413.8,False,False,False,False
71642,A100,Eraser,3,2023-01-28 03:00:00,112.56,2574,337.68,False,False,True,False
86539,A100,Binder,12,2023-01-28 04:00:00,188.59,6676,2263.08,False,False,False,True
31732,E500,Binder,13,2023-01-28 05:00:00,17.46,9060,226.98000000000002,False,False,False,False
40354,E500,Ruler,13,2023-01-28 06:00:00,51.53,4990,669.89,False,False,False,False
23843,C300,Paper Clip,10,2023-01-28 07:00:00,156.22,6210,1562.2,True,False,False,False
81726,B200,Eraser,4,2023-01-28 08:00:00,20.65,5845,82.6,False,True,False,False
27640,D400,Binder,9,2023-01-28 09:00:00,16.06,2189,144.54,False,False,False,True
62528,C300,Eraser,2,2023-01-28 10:00:00,72.95,3689,145.9,True,False,False,False
48413,E500,Ballpoint Pen,19,2023-01-28 11:00:00,19.34,5095,367.46,False,False,True,False
62638,D400,Eraser,1,2023-01-28 12:00:00,117.43,2875,117.43,False,True,False,False
62736,E500,Notebook,7,2023-01-28 13:00:00,46.03,8768,322.21000000000004,False,False,False,True
78866,D400,Marker,17,2023-01-28 14:00:00,179.24,4406,3047.08,False,False,False,False
29087,B200,Binder,3,2023-01-28 15:00:00,156.92,4932,470.76,False,False,False,True
51430,C300,Eraser,3,2023-01-28 16:00:00,140.24,9240,420.72,False,False,False,False
34504,D400,Ruler,3,2023-01-28 17:00:00,123.77,6408,371.31,False,True,False,False
17114,A100,Pencil,17,2023-01-28 18:00:00,172.83,4861,2938.11,False,False,False,False
88859,A100,Notebook,7,2023-01-28 19:00:00,45.39,8406,317.73,False,False,True,False
20975,D400,Notebook,14,2023-01-28 20:00:00,174.75,3833,2446.5,False,False,False,False
21023,D400,Paper Clip,17,2023-01-28 21:00:00,158.11,6285,2687.8700000000003,False,False,True,False
31447,D400,Eraser,18,2023-01-28 22:00:00,149.88,8645,2697.84,False,True,False,False
33959,A100,Paper Clip,13,2023-01-28 23:00:00,112.69,5777,1464.97,False,True,False,False
76203,A100,Paper Clip,18,2023-01-29 00:00:00,50.0,3735,900.0,False,False,False,True
39703,D400,Pencil,4,2023-01-29 01:00:00,85.29,9273,341.16,False,False,True,False
19337,E500,Ballpoint Pen,1,2023-01-29 02:00:00,158.92,9278,158.92,False,False,True,False
56427,E500,Eraser,18,2023-01-29 03:00:00,7.32,7368,131.76,True,False,False,False
71529,B200,Stapler,1,2023-01-29 04:00:00,156.63,1821,156.63,True,False,False,False
94665,C300,Binder,13,2023-01-29 05:00:00,48.77,8525,634.01,True,False,False,False
41921,E500,Paper Clip,10,2023-01-29 06:00:00,29.72,1162,297.2,False,False,False,False
43307,A100,Marker,11,2023-01-29 07:00:00,24.02,8777,264.21999999999997,True,False,False,False
37355,E500,Highlighter,9,2023-01-29 08:00:00,6.42,2932,57.78,False,False,True,False
14835,B200,Marker,9,2023-01-29 09:00:00,105.19,4535,946.71,False,False,False,False
30159,B200,Pencil,5,2023-01-29 10:00:00,44.43,6956,222.15,False,True,False,False
57605,C300,Pencil,1,2023-01-29 11:00:00,197.9,4446,197.9,False,False,False,True
48088,E500,Ruler,17,2023-01-29 12:00:00,115.31,3790,1960.27,True,False,False,False
88752,A100,Ballpoint Pen,2,2023-01-29 13:00:00,28.44,3707,56.88,False,True,False,False
65284,A100,Binder,13,2023-01-29 14:00:00,138.06,8959,1794.78,False,False,True,False
67043,D400,Paper Clip,9,2023-01-29 15:00:00,179.65,4933,1616.8500000000001,False,False,False,True
45547,A100,Marker,4,2023-01-29 16:00:00,149.29,4385,597.16,False,True,False,False
92844,C300,Highlighter,5,2023-01-29 17:00:00,16.21,7636,81.05000000000001,False,False,False,True
37532,C300,Pencil,11,2023-01-29 18:00:00,179.28,1922,1972.08,True,False,False,False
44349,A100,Pencil,19,2023-01-29 19:00:00,158.99,9089,3020.8100000000004,False,False,True,False
55445,A100,Ballpoint Pen,3,2023-01-29 20:00:00,32.5,1564,97.5,False,False,False,True
15713,D400,Highlighter,12,2023-01-29 21:00:00,11.31,4258,135.72,False,True,False,False
66178,A100,Highlighter,19,2023-01-29 22:00:00,111.9,3500,2126.1,True,False,False,False
59407,D400,Ballpoint Pen,19,2023-01-29 23:00:00,32.05,5566,608.9499999999999,True,False,False,False
80340,D400,Pencil,13,2023-01-30 00:00:00,167.08,7881,2172.04,False,True,False,False
60990,A100,Binder,7,2023-01-30 01:00:00,72.31,4636,506.17,False,True,False,False
85672,B200,Eraser,15,2023-01-30 02:00:00,182.67,7030,2740.0499999999997,False,False,False,True
75545,B200,Eraser,7,2023-01-30 03:00:00,113.57,1223,794.99,False,False,False,False
94791,D400,Ballpoint Pen,8,2023-01-30 04:00:00,37.35,7297,298.8,True,False,False,False
68141,A100,Highlighter,5,2023-01-30 05:00:00,28.78,1350,143.9,False,False,False,True
33793,B200,Paper Clip,14,2023-01-30 06:00:00,115.72,8314,1620.08,False,True,False,False
66570,A100,Ballpoint Pen,4,2023-01-30 07:00:00,152.61,2928,610.44,False,False,False,True
47892,A100,Binder,10,2023-01-30 08:00:00,156.52,8743,1565.2,False,True,False,False
11015,A100,Ballpoint Pen,15,2023-01-30 09:00:00,55.88,9540,838.2,False,False,True,False
71813,E500,Notebook,18,2023-01-30 10:00:00,41.65,5732,749.6999999999999,False,True,False,False
37712,A100,Marker,13,2023-01-30 11:00:00,4.33,2017,56.29,False,True,False,False
18415,E500,Highlighter,8,2023-01-30 12:00:00,136.16,3226,1089.28,False,True,False,False
72292,D400,Ruler,9,2023-01-30 13:00:00,16.24,8206,146.16,False,False,False,False
33833,B200,Ruler,16,2023-01-30 14:00:00,84.73,8170,1355.68,False,True,False,False
14158,B200,Highlighter,19,2023-01-30 15:00:00,120.73,7207,2293.87,True,False,False,False
72680,B200,Binder,16,2023-01-30 16:00:00,187.48,3419,2999.68,True,False,False,False
30309,B200,Notebook,7,2023-01-30 17:00:00,63.05,7240,441.34999999999997,False,False,False,True
16970,B200,Notebook,14,2023-01-30 18:00:00,50.7,2893,709.8000000000001,False,False,False,False
82474,B200,Pencil,14,2023-01-30 19:00:00,131.18,6322,1836.52,False,False,False,True
96704,B200,Marker,4,2023-01-30 20:00:00,124.23,8718,496.92,True,False,False,False
56540,D400,Eraser,15,2023-01-30 21:00:00,67.09,7878,1006.35,True,False,False,False
30384,A100,Stapler,3,2023-01-30 22:00:00,185.69,2125,557.0699999999999,False,False,True,False
28017,C300,Binder,5,2023-01-30 23:00:00,169.13,4117,845.65,False,True,False,False
85880,E500,Stapler,1,2023-01-31 00:00:00,45.57,5161,45.57,True,False,False,False
18702,C300,Stapler,3,2023-01-31 01:00:00,48.59,5042,145.77,False,False,False,True
10384,C300,Highlighter,15,2023-01-31 02:00:00,102.95,5433,1544.25,False,False,False,True
10404,A100,Ruler,8,2023-01-31 03:00:00,154.94,9638,1239.52,False,True,False,False
50943,A100,Ruler,4,2023-01-31 04:00:00,9.76,3658,39.04,False,True,False,False
57926,A100,Eraser,2,2023-01-31 05:00:00,138.97,4483,277.94,False,False,True,False
39189,B200,Highlighter,10,2023-01-31 06:00:00,130.0,3944,1300.0,False,False,False,False
22763,D400,Stapler,4,2023-01-31 07:00:00,47.06,8210,188.24,False,False,False,True
28384,B200,Paper Clip,3,2023-01-31 08:00:00,136.59,8653,409.77,False,True,False,False
70100,D400,Ruler,2,2023-01-31 09:00:00,188.1,9787,376.2,False,False,False,True
19860,D400,Binder,17,2023-01-31 10:00:00,10.31,2986,175.27,False,True,False,False
90642,C300,Binder,13,2023-01-31 11:00:00,64.61,2074,839.93,True,False,False,False
60612,C300,Pencil,5,2023-01-31 12:00:00,88.2,5305,441.0,False,False,False,True
33574,D400,Ballpoint Pen,9,2023-01-31 13:00:00,179.95,4007,1619.55,True,False,False,False
33524,D400,Paper Clip,6,2023-01-31 14:00:00,192.49,1969,1154.94,False,False,False,True
79172,B200,Ruler,5,2023-01-31 15:00:00,89.38,9772,446.9,False,False,False,False
20916,B200,Notebook,10,2023-01-31 16:00:00,150.26,3824,1502.6,False,False,True,False
14809,C300,Ruler,8,2023-01-31 17:00:00,106.8,2211,854.4,True,False,False,False
42201,A100,Pencil,7,2023-01-31 18:00:00,108.02,1229,756.14,False,True,False,False
63330,D400,Binder,7,2023-01-31 19:00:00,56.34,5284,394.38,False,False,False,False
23456,B200,Stapler,6,2023-01-31 20:00:00,44.17,4185,265.02,False,False,False,True
66397,C300,Notebook,3,2023-01-31 21:00:00,58.31,1501,174.93,True,False,False,False
48765,B200,Highlighter,19,2023-01-31 22:00:00,111.71,1048,2122.49,False,False,False,True
44816,D400,Marker,15,2023-01-31 23:00:00,6.8,4566,102.0,False,False,False,True
55106,D400,Stapler,4,2023-02-01 00:00:00,181.54,4055,726.16,False,False,False,True
63932,E500,Marker,12,2023-02-01 01:00:00,32.1,9880,385.20000000000005,False,False,True,False
27100,A100,Paper Clip,6,2023-02-01 02:00:00,44.8,1386,268.79999999999995,False,False,True,False
67091,E500,Ballpoint Pen,19,2023-02-01 03:00:00,104.14,1969,1978.66,False,True,False,False
31949,C300,Notebook,4,2023-02-01 04:00:00,142.31,6820,569.24,True,False,False,False
80080,B200,Eraser,15,2023-02-01 05:00:00,20.05,4052,300.75,False,False,False,False
47744,C300,Notebook,9,2023-02-01 06:00:00,64.22,8397,577.98,False,False,False,False
55543,D400,Ruler,5,2023-02-01 07:00:00,193.77,3302,968.85,False,False,False,False
46187,E500,Binder,13,2023-02-01 08:00:00,53.21,3283,691.73,False,False,False,True
17239,E500,Ruler,18,2023-02-01 09:00:00,63.3,5366,1139.3999999999999,False,False,True,False
24489,E500,Ruler,5,2023-02-01 10:00:00,167.46,1122,837.3000000000001,True,False,False,False
68017,C300,Paper Clip,16,2023-02-01 11:00:00,10.99,7799,175.84,False,False,False,True
71877,D400,Stapler,19,2023-02-01 12:00:00,93.46,4727,1775.7399999999998,False,False,True,False
53125,B200,Eraser,14,2023-02-01 13:00:00,76.54,9450,1071.5600000000002,False,False,True,False
59922,B200,Eraser,16,2023-02-01 14:00:00,64.0,5958,1024.0,True,False,False,False
42049,C300,Ruler,15,2023-02-01 15:00:00,57.85,1524,867.75,True,False,False,False
47131,E500,Marker,4,2023-02-01 16:00:00,19.18,9399,76.72,True,False,False,False
52944,A100,Paper Clip,7,2023-02-01 17:00:00,63.65,1148,445.55,False,False,False,True
83963,C300,Ruler,16,2023-02-01 18:00:00,9.57,9001,153.12,False,True,False,False
34285,C300,Ballpoint Pen,8,2023-02-01 19:00:00,156.41,1437,1251.28,True,False,False,False
47626,D400,Binder,17,2023-02-01 20:00:00,80.25,4749,1364.25,False,True,False,False
52808,B200,Stapler,16,2023-02-01 21:00:00,89.34,9186,1429.44,False,False,False,True
98464,C300,Highlighter,10,2023-02-01 22:00:00,178.83,5453,1788.3000000000002,False,True,False,False
63871,C300,Ballpoint Pen,10,2023-02-01 23:00:00,131.95,6336,1319.5,False,False,False,False
29198,E500,Marker,2,2023-02-02 00:00:00,2.6,5551,5.2,False,True,False,False
29758,E500,Notebook,9,2023-02-02 01:00:00,188.69,3823,1698.21,True,False,False,False
25254,A100,Notebook,17,2023-02-02 02:00:00,48.19,6728,819.23,False,False,False,True
54238,D400,Ballpoint Pen,11,2023-02-02 03:00:00,22.42,9677,246.62,True,False,False,False
11252,A100,Ruler,10,2023-02-02 04:00:00,153.86,9391,1538.6000000000001,False,False,False,False
49764,E500,Highlighter,17,2023-02-02 05:00:00,100.59,2982,1710.03,True,False,False,False
87709,B200,Pencil,4,2023-02-02 06:00:00,87.32,7996,349.28,True,False,False,False
47441,E500,Pencil,16,2023-02-02 07:00:00,50.65,3311,810.4,True,False,False,False
63682,D400,Marker,15,2023-02-02 08:00:00,109.95,8225,1649.25,False,False,True,False
69494,E500,Ruler,5,2023-02-02 09:00:00,55.6,1604,278.0,False,False,False,False
91317,D400,Eraser,6,2023-02-02 10:00:00,180.42,9175,1082.52,True,False,False,False
75215,D400,Eraser,17,2023-02-02 11:00:00,43.83,6785,745.11,True,False,False,False
88587,D400,Stapler,1,2023-02-02 12:00:00,176.99,5597,176.99,True,False,False,False
16949,D400,Highlighter,19,2023-02-02 13:00:00,112.32,8759,2134.08,False,False,False,True
65393,D400,Highlighter,4,2023-02-02 14:00:00,165.87,8532,663.48,False,False,True,False
83553,B200,Notebook,17,2023-02-02 15:00:00,142.86,9740,2428.6200000000003,False,False,False,True
16941,A100,Paper Clip,9,2023-02-02 16:00:00,139.64,1838,1256.7599999999998,False,False,True,False
35934,C300,Marker,2,2023-02-02 17:00:00,65.54,4815,131.08,True,False,False,False
33386,A100,Pencil,8,2023-02-02 18:00:00,47.55,1847,380.4,False,False,False,False
71886,D400,Marker,15,2023-02-02 19:00:00,42.97,5709,644.55,False,True,False,False
85745,B200,Eraser,7,2023-02-02 20:00:00,171.58,5507,1201.0600000000002,False,True,False,False
93251,E500,Eraser,6,2023-02-02 21:00:00,164.26,7575,985.56,True,False,False,False
63413,B200,Ballpoint Pen,1,2023-02-02 22:00:00,88.67,5773,88.67,False,False,False,True
66800,D400,Stapler,15,2023-02-02 23:00:00,27.35,5468,410.25,False,False,False,False
52318,B200,Highlighter,7,2023-02-03 00:00:00,77.07,6192,539.49,False,False,True,False
80173,B200,Binder,17,2023-02-03 01:00:00,124.25,4320,2112.25,True,False,False,False
80390,D400,Marker,2,2023-02-03 02:00:00,91.43,5698,182.86,False,False,False,False
62329,B200,Eraser,9,2023-02-03 03:00:00,156.26,5311,1406.34,False,False,False,False
53088,C300,Paper Clip,9,2023-02-03 04:00:00,199.53,4673,1795.77,False,False,True,False
49811,C300,Notebook,13,2023-02-03 05:00:00,39.04,2564,507.52,False,False,False,False
65479,B200,Pencil,6,2023-02-03 06:00:00,92.47,2840,554.8199999999999,False,False,False,True
95392,E500,Stapler,6,2023-02-03 07:00:00,86.77,7058,520.62,False,False,False,True
97369,D400,Paper Clip,3,2023-02-03 08:00:00,61.59,8131,184.77,False,False,False,True
29963,C300,Stapler,17,2023-02-03 09:00:00,40.42,1726,687.14,False,False,False,False
65123,E500,Ballpoint Pen,17,2023-02-03 10:00:00,14.07,7697,239.19,False,False,False,True
83477,B200,Binder,12,2023-02-03 11:00:00,177.54,1282,2130.48,False,False,True,False
24388,E500,Eraser,16,2023-02-03 12:00:00,84.55,2081,1352.8,False,False,False,False
15569,A100,Notebook,15,2023-02-03 13:00:00,99.88,4885,1498.1999999999998,False,True,False,False
79836,C300,Paper Clip,13,2023-02-03 14:00:00,183.47,3881,2385.11,False,False,False,False
46586,B200,Stapler,1,2023-02-03 15:00:00,155.48,3970,155.48,False,False,True,False
22015,D400,Highlighter,17,2023-02-03 16:00:00,26.97,7985,458.49,False,True,False,False
55002,B200,Ballpoint Pen,3,2023-02-03 17:00:00,113.52,1947,340.56,False,False,False,False
16254,D400,Highlighter,15,2023-02-03 18:00:00,89.01,5760,1335.15,False,False,False,True
27144,B200,Notebook,4,2023-02-03 19:00:00,159.65,1066,638.6,True,False,False,False
34214,E500,Paper Clip,4,2023-02-03 20:00:00,145.12,9828,580.48,True,False,False,False
90719,E500,Ballpoint Pen,18,2023-02-03 21:00:00,138.39,9505,2491.0199999999995,False,False,False,True
81774,E500,Paper Clip,17,2023-02-03 22:00:00,68.77,1564,1169.09,True,False,False,False
16090,A100,Eraser,19,2023-02-03 23:00:00,161.19,4670,3062.61,True,False,False,False
21637,D400,Ruler,11,2023-02-04 00:00:00,11.43,3251,125.72999999999999,False,False,False,True
32415,E500,Ballpoint Pen,3,2023-02-04 01:00:00,32.77,1804,98.31,False,False,False,True
34071,A100,Highlighter,8,2023-02-04 02:00:00,67.79,5631,542.32,False,False,False,False
68243,D400,Notebook,14,2023-02-04 03:00:00,16.28,2235,227.92000000000002,False,False,False,False
51240,B200,Binder,1,2023-02-04 04:00:00,47.76,7720,47.76,False,False,False,True
93807,A100,Eraser,14,2023-02-04 05:00:00,166.2,7906,2326.7999999999997,False,False,True,False
43434,C300,Ruler,2,2023-02-04 06:00:00,189.7,7016,379.4,True,False,False,False
79724,A100,Binder,4,2023-02-04 07:00:00,61.62,4549,246.48,False,False,False,False
85697,A100,Pencil,19,2023-02-04 08:00:00,53.64,8938,1019.16,True,False,False,False
38732,D400,Eraser,6,2023-02-04 09:00:00,56.7,5141,340.20000000000005,False,True,False,False
21314,B200,Notebook,1,2023-02-04 10:00:00,56.27,7966,56.27,False,False,False,True
33954,C300,Stapler,17,2023-02-04 11:00:00,8.15,6335,138.55,False,False,True,False
67108,E500,Ballpoint Pen,8,2023-02-04 12:00:00,185.46,6077,1483.68,False,True,False,False
97044,E500,Paper Clip,19,2023-02-04 13:00:00,43.53,6611,827.07,False,True,False,False
97505,A100,Notebook,1,2023-02-04 14:00:00,84.58,9089,84.58,False,True,False,False
46668,D400,Ballpoint Pen,5,2023-02-04 15:00:00,2.93,3892,14.65,False,False,False,True
33061,D400,Binder,16,2023-02-04 16:00:00,171.73,6577,2747.68,False,False,False,False
89252,E500,Paper Clip,6,2023-02-04 17:00:00,146.5,4618,879.0,False,False,False,True
49749,C300,Marker,8,2023-02-04 18:00:00,189.4,2559,1515.2,False,False,False,False
26907,B200,Highlighter,13,2023-02-04 19:00:00,156.54,7683,2035.02,False,True,False,False
28777,C300,Pencil,16,2023-02-04 20:00:00,63.43,2507,1014.88,False,True,False,False
61745,B200,Eraser,3,2023-02-04 21:00:00,50.33,3063,150.99,False,False,True,False
91818,E500,Notebook,19,2023-02-04 22:00:00,139.85,4642,2657.15,False,False,False,False
33624,B200,Pencil,12,2023-02-04 23:00:00,73.46,3000,881.52,False,True,False,False
33321,D400,Stapler,16,2023-02-05 00:00:00,113.68,2294,1818.88,True,False,False,False
20488,A100,Ballpoint Pen,11,2023-02-05 01:00:00,2.25,5065,24.75,False,False,True,False
32574,A100,Ballpoint Pen,10,2023-02-05 02:00:00,13.32,9014,133.2,False,False,False,True
15240,E500,Notebook,4,2023-02-05 03:00:00,107.54,2603,430.16,False,False,True,False
53221,D400,Ruler,12,2023-02-05 04:00:00,113.65,2322,1363.8000000000002,True,False,False,False
20478,C300,Ruler,2,2023-02-05 05:00:00,150.54,6956,301.08,False,False,False,False
65645,D400,Marker,19,2023-02-05 06:00:00,27.26,3441,517.94,False,False,False,True
29262,A100,Highlighter,5,2023-02-05 07:00:00,103.12,2098,515.6,False,False,False,True
62796,A100,Paper Clip,8,2023-02-05 08:00:00,39.7,6073,317.6,False,False,False,False
14432,D400,Stapler,7,2023-02-05 09:00:00,19.55,9488,136.85,False,False,True,False
74291,D400,Pencil,14,2023-02-05 10:00:00,82.69,4787,1157.6599999999999,False,True,False,False
89104,A100,Ruler,3,2023-02-05 11:00:00,33.5,3096,100.5,False,False,True,False
69399,C300,Marker,18,2023-02-05 12:00:00,45.13,3208,812.34,True,False,False,False
89714,E500,Marker,16,2023-02-05 13:00:00,64.19,6988,1027.04,False,True,False,False
60428,E500,Notebook,19,2023-02-05 14:00:00,52.62,1175,999.78,False,False,True,False
97731,D400,Stapler,19,2023-02-05 15:00:00,18.43,8169,350.17,False,False,False,False
10302,E500,Binder,18,2023-02-05 16:00:00,18.89,7014,340.02,True,False,False,False
92558,A100,Paper Clip,16,2023-02-05 17:00:00,39.46,2667,631.36,True,False,False,False
10055,A100,Highlighter,8,2023-02-05 18:00:00,11.06,9867,88.48,True,False,False,False
18717,D400,Eraser,1,2023-02-05 19:00:00,125.66,2823,125.66,False,True,False,False
38699,D400,Notebook,17,2023-02-05 20:00:00,58.18,6147,989.06,False,False,False,True
83686,D400,Paper Clip,12,2023-02-05 21:00:00,56.67,2356,680.04,False,True,False,False
77661,C300,Eraser,11,2023-02-05 22:00:00,67.07,4072,737.77,False,False,True,False
54247,E500,Eraser,5,2023-02-05 23:00:00,132.9,4259,664.5,False,False,False,True
26748,D400,Stapler,12,2023-02-06 00:00:00,174.26,7199,2091.12,False,False,True,False
14621,B200,Stapler,17,2023-02-06 01:00:00,152.06,1546,2585.02,False,False,False,True
25034,B200,Pencil,6,2023-02-06 02:00:00,145.78,6231,874.6800000000001,False,True,False,False
15126,A100,Marker,1,2023-02-06 03:00:00,97.39,8965,97.39,True,False,False,False
15122,E500,Paper Clip,5,2023-02-06 04:00:00,139.07,3083,695.3499999999999,False,False,False,False
28030,D400,Notebook,14,2023-02-06 05:00:00,111.0,3040,1554.0,True,False,False,False
92838,B200,Ballpoint Pen,5,2023-02-06 06:00:00,44.03,5534,220.15,False,True,False,False
94717,E500,Notebook,1,2023-02-06 07:00:00,42.51,2752,42.51,False,False,False,True
65658,A100,Pencil,18,2023-02-06 08:00:00,59.98,2849,1079.6399999999999,True,False,False,False
48638,C300,Highlighter,16,2023-02-06 09:00:00,182.25,3642,2916.0,False,True,False,False
77067,E500,Marker,9,2023-02-06 10:00:00,109.94,2600,989.46,False,False,True,False
98869,E500,Ballpoint Pen,19,2023-02-06 11:00:00,147.05,5402,2793.9500000000003,False,False,False,False
44674,C300,Ruler,5,2023-02-06 12:00:00,69.97,4799,349.85,True,False,False,False
45854,E500,Highlighter,2,2023-02-06 13:00:00,82.14,1618,164.28,False,False,False,True
56271,A100,Stapler,15,2023-02-06 14:00:00,25.99,2132,389.84999999999997,False,False,True,False
83688,A100,Eraser,7,2023-02-06 15:00:00,35.09,6491,245.63000000000002,False,True,False,False
48518,C300,Ruler,4,2023-02-06 16:00:00,165.64,6795,662.56,False,False,False,False
20267,D400,Notebook,1,2023-02-06 17:00:00,117.38,8633,117.38,False,False,False,True
11062,B200,Notebook,13,2023-02-06 18:00:00,68.17,2487,886.21,False,True,False,False
60448,D400,Stapler,7,2023-02-06 19:00:00,160.77,8848,1125.39,False,True,False,False
16229,E500,Pencil,15,2023-02-06 20:00:00,50.06,6009,750.9000000000001,True,False,False,False
66793,B200,Paper Clip,14,2023-02-06 21:00:00,195.23,3113,2733.22,True,False,False,False
57915,C300,Ruler,19,2023-02-06 22:00:00,69.62,2044,1322.7800000000002,False,False,False,True
14632,C300,Ruler,18,2023-02-06 23:00:00,68.12,3431,1226.16,False,True,False,False
13596,B200,Binder,10,2023-02-07 00:00:00,63.07,8979,630.7,True,False,False,False
16168,A100,Highlighter,9,2023-02-07 01:00:00,25.3,2582,227.70000000000002,False,False,False,False
17561,B200,Marker,8,2023-02-07 02:00:00,23.12,2308,184.96,False,False,False,False
83794,E500,Highlighter,10,2023-02-07 03:00:00,129.97,5917,1299.7,False,True,False,False
92152,A100,Paper Clip,17,2023-02-07 04:00:00,175.15,9793,2977.55,True,False,False,False
36734,C300,Notebook,2,2023-02-07 05:00:00,158.31,2620,316.62,False,False,False,True
16371,B200,Notebook,6,2023-02-07 06:00:00,29.08,8503,174.48,False,False,False,True
36069,D400,Notebook,5,2023-02-07 07:00:00,109.57,5766,547.8499999999999,False,False,False,True
89905,D400,Binder,9,2023-02-07 08:00:00,22.01,6362,198.09,False,False,False,False
22910,E500,Notebook,5,2023-02-07 09:00:00,10.01,6192,50.05,True,False,False,False
83479,D400,Paper Clip,18,2023-02-07 10:00:00,131.62,7622,2369.16,True,False,False,False
87735,B200,Stapler,9,2023-02-07 11:00:00,107.5,7093,967.5,False,False,False,False
91264,B200,Marker,17,2023-02-07 12:00:00,17.32,7704,294.44,False,False,False,True
33275,D400,Paper Clip,17,2023-02-07 13:00:00,7.95,1100,135.15,False,False,False,True
82274,B200,Marker,12,2023-02-07 14:00:00,197.96,7657,2375.52,False,True,False,False
91449,E500,Paper Clip,7,2023-02-07 15:00:00,6.97,6875,48.79,False,False,True,False
70004,A100,Notebook,3,2023-02-07 16:00:00,89.46,5271,268.38,True,False,False,False
72981,E500,Stapler,10,2023-02-07 17:00:00,101.42,1237,1014.2,True,False,False,False
94659,E500,Ruler,2,2023-02-07 18:00:00,24.34,8226,48.68,True,False,False,False
64553,B200,Highlighter,3,2023-02-07 19:00:00,34.64,9032,103.92,False,False,True,False
58447,A100,Eraser,16,2023-02-07 20:00:00,71.01,6218,1136.16,False,True,False,False
44529,B200,Stapler,2,2023-02-07 21:00:00,152.57,5025,305.14,False,False,True,False
85703,C300,Ruler,10,2023-02-07 22:00:00,101.91,7073,1019.0999999999999,False,False,False,True
86090,B200,Pencil,6,2023-02-07 23:00:00,127.94,3542,767.64,False,False,False,True
27260,B200,Paper Clip,11,2023-02-08 00:00:00,197.05,2537,2167.55,True,False,False,False
13812,B200,Pencil,7,2023-02-08 01:00:00,153.83,1754,1076.8100000000002,False,False,False,False
38024,A100,Ruler,15,2023-02-08 02:00:00,87.44,8396,1311.6,True,False,False,False
68656,B200,Stapler,6,2023-02-08 03:00:00,89.84,8823,539.04,False,False,False,False
37285,A100,Paper Clip,9,2023-02-08 04:00:00,124.14,6507,1117.26,False,False,True,False
11605,D400,Eraser,12,2023-02-08 05:00:00,133.41,5235,1600.92,False,False,False,True
81158,C300,Notebook,19,2023-02-08 06:00:00,100.64,1540,1912.16,False,False,False,False
82303,A100,Paper Clip,3,2023-02-08 07:00:00,129.33,6510,387.99,False,False,True,False
37139,D400,Paper Clip,15,2023-02-08 08:00:00,5.68,9461,85.19999999999999,False,False,False,True
87149,A100,Stapler,2,2023-02-08 09:00:00,86.49,8926,172.98,False,False,False,False
66138,A100,Stapler,2,2023-02-08 10:00:00,56.51,6131,113.02,True,False,False,False
86125,C300,Ruler,3,2023-02-08 11:00:00,26.71,9697,80.13,True,False,False,False
23918,E500,Ballpoint Pen,6,2023-02-08 12:00:00,20.81,2129,124.85999999999999,True,False,False,False
95655,E500,Paper Clip,15,2023-02-08 13:00:00,121.04,4145,1815.6000000000001,False,False,True,False
37446,A100,Highlighter,10,2023-02-08 14:00:00,105.2,9553,1052.0,True,False,False,False
23046,B200,Paper Clip,9,2023-02-08 15:00:00,51.46,4720,463.14,False,True,False,False
34818,D400,Ruler,1,2023-02-08 16:00:00,94.72,5067,94.72,False,False,False,True
14324,B200,Marker,16,2023-02-08 17:00:00,98.95,5195,1583.2,False,False,True,False
86323,B200,Pencil,6,2023-02-08 18:00:00,39.81,8281,238.86,True,False,False,False
19111,A100,Notebook,9,2023-02-08 19:00:00,130.77,3509,1176.93,False,False,False,True
48110,A100,Ballpoint Pen,4,2023-02-08 20:00:00,156.4,6016,625.6,False,False,False,False
26389,A100,Eraser,2,2023-02-08 21:00:00,158.5,7533,317.0,True,False,False,False
51427,A100,Eraser,4,2023-02-08 22:00:00,120.89,5727,483.56,False,False,False,True
89579,E500,Eraser,1,2023-02-08 23:00:00,102.82,1681,102.82,False,True,False,False
38746,A100,Stapler,19,2023-02-09 00:00:00,13.14,4932,249.66000000000003,False,False,False,False
97886,E500,Eraser,10,2023-02-09 01:00:00,58.28,6560,582.8,False,True,False,False
10117,E500,Notebook,15,2023-02-09 02:00:00,19.56,5016,293.4,False,False,False,True
94471,A100,Pencil,19,2023-02-09 03:00:00,192.8,8339,3663.2000000000003,False,True,False,False
23234,C300,Eraser,16,2023-02-09 04:00:00,27.88,1719,446.08,False,False,False,True
63441,D400,Paper Clip,4,2023-02-09 05:00:00,31.2,1074,124.8,False,False,False,True
10846,B200,Paper Clip,2,2023-02-09 06:00:00,178.03,5157,356.06,False,True,False,False
20954,E500,Stapler,13,2023-02-09 07:00:00,188.84,9511,2454.92,False,False,False,True
89239,D400,Notebook,1,2023-02-09 08:00:00,153.4,3149,153.4,True,False,False,False
56514,C300,Pencil,17,2023-02-09 09:00:00,2.08,7713,35.36,False,False,False,True
98236,B200,Ballpoint Pen,13,2023-02-09 10:00:00,1.27,5207,16.51,False,False,True,False
16469,B200,Ruler,4,2023-02-09 11:00:00,76.24,8141,304.96,False,False,False,True
40105,E500,Pencil,7,2023-02-09 12:00:00,29.54,9652,206.78,False,False,True,False
52101,A100,Ruler,17,2023-02-09 13:00:00,4.66,4936,79.22,False,False,False,True
74323,C300,Marker,9,2023-02-09 14:00:00,93.35,2075,840.15,False,False,False,True
68067,E500,Ruler,4,2023-02-09 15:00:00,188.67,4876,754.68,False,True,False,False
59376,C300,Highlighter,19,2023-02-09 16:00:00,65.44,5615,1243.36,True,False,False,False
55587,A100,Paper Clip,1,2023-02-09 17:00:00,132.57,8265,132.57,True,False,False,False
46976,A100,Notebook,10,2023-02-09 18:00:00,130.79,7379,1307.8999999999999,False,False,False,False
77584,E500,Binder,4,2023-02-09 19:00:00,50.96,5652,203.84,False,True,False,False
88477,A100,Stapler,9,2023-02-09 20:00:00,130.43,7792,1173.8700000000001,False,True,False,False
52533,D400,Highlighter,13,2023-02-09 21:00:00,43.25,8456,562.25,True,False,False,False
11828,B200,Ruler,14,2023-02-09 22:00:00,25.28,5674,353.92,False,True,False,False
11917,E500,Eraser,10,2023-02-09 23:00:00,140.58,1541,1405.8000000000002,True,False,False,False
30618,C300,Notebook,6,2023-02-10 00:00:00,23.57,3161,141.42000000000002,False,True,False,False
42254,D400,Highlighter,16,2023-02-10 01:00:00,199.38,3251,3190.08,False,False,False,True
57362,E500,Stapler,6,2023-02-10 02:00:00,37.51,5569,225.06,True,False,False,False
30128,A100,Paper Clip,17,2023-02-10 03:00:00,119.23,3744,2026.91,True,False,False,False
69383,A100,Notebook,10,2023-02-10 04:00:00,82.86,7041,828.6,False,False,True,False
75545,A100,Stapler,18,2023-02-10 05:00:00,26.15,5675,470.7,False,True,False,False
92180,A100,Marker,18,2023-02-10 06:00:00,6.54,2560,117.72,False,True,False,False
97958,C300,Marker,3,2023-02-10 07:00:00,124.92,2164,374.76,True,False,False,False
19865,D400,Stapler,15,2023-02-10 08:00:00,161.54,6419,2423.1,False,False,False,True
12219,B200,Highlighter,15,2023-02-10 09:00:00,168.56,3722,2528.4,False,False,False,True
49809,C300,Notebook,4,2023-02-10 10:00:00,97.06,1470,388.24,False,False,False,True
15287,C300,Highlighter,9,2023-02-10 11:00:00,155.71,2468,1401.39,False,True,False,False
44387,B200,Ballpoint Pen,19,2023-02-10 12:00:00,134.9,8925,2563.1,False,False,True,False
18512,B200,Ruler,17,2023-02-10 13:00:00,145.13,1808,2467.21,True,False,False,False
11342,A100,Ballpoint Pen,11,2023-02-10 14:00:00,99.03,9363,1089.33,False,False,False,False
73076,C300,Marker,9,2023-02-10 15:00:00,127.05,7719,1143.45,False,False,True,False
29216,E500,Paper Clip,10,2023-02-10 16:00:00,161.3,6073,1613.0,False,False,False,False
89767,B200,Pencil,18,2023-02-10 17:00:00,80.18,9012,1443.2400000000002,False,False,True,False
36614,B200,Ruler,13,2023-02-10 18:00:00,161.39,2645,2098.0699999999997,False,False,False,True
46258,D400,Marker,8,2023-02-10 19:00:00,118.81,9249,950.48,False,True,False,False
52078,E500,Highlighter,7,2023-02-10 20:00:00,34.01,2129,238.07,False,False,False,False
93524,E500,Highlighter,17,2023-02-10 21:00:00,5.91,2353,100.47,False,False,True,False
22219,B200,Highlighter,15,2023-02-10 22:00:00,73.19,1767,1097.85,False,True,False,False
10235,A100,Paper Clip,15,2023-02-10 23:00:00,109.79,4895,1646.8500000000001,False,False,False,False
52929,D400,Ballpoint Pen,1,2023-02-11 00:00:00,168.12,9874,168.12,True,False,False,False
77444,E500,Pencil,14,2023-02-11 01:00:00,26.37,4454,369.18,False,False,True,False
18567,B200,Highlighter,5,2023-02-11 02:00:00,160.24,8329,801.2,True,False,False,False
80792,E500,Binder,11,2023-02-11 03:00:00,172.74,2790,1900.14,False,False,False,True
75441,D400,Ruler,16,2023-02-11 04:00:00,30.99,1885,495.84,True,False,False,False
94555,D400,Notebook,2,2023-02-11 05:00:00,170.47,8734,340.94,True,False,False,False
83698,C300,Binder,8,2023-02-11 06:00:00,198.3,4906,1586.4,False,False,True,False
15415,B200,Pencil,11,2023-02-11 07:00:00,145.64,5492,1602.04,False,False,False,True
46159,D400,Paper Clip,18,2023-02-11 08:00:00,157.17,3073,2829.06,True,False,False,False
53925,C300,Pencil,3,2023-02-11 09:00:00,198.89,1312,596.67,False,True,False,False
15951,C300,Notebook,1,2023-02-11 10:00:00,121.49,7269,121.49,False,False,False,False
97388,E500,Ruler,11,2023-02-11 11:00:00,62.27,6317,684.97,True,False,False,False
18007,E500,Notebook,16,2023-02-11 12:00:00,167.67,1810,2682.72,False,False,False,True
51832,C300,Stapler,18,2023-02-11 13:00:00,123.28,7841,2219.04,True,False,False,False
68596,E500,Ruler,16,2023-02-11 14:00:00,116.66,3032,1866.56,False,False,False,False
40523,D400,Pencil,10,2023-02-11 15:00:00,51.47,8129,514.7,False,False,False,True
